vGlyphTable1,vGlyphTable2,vGlyphTable3,vGlyphTable4,vGlyphTable5,vGlyphTable6
1,3815,1,1,1,1
2,3784,1,1,2,1
3,3759,1,1,3,1
4,3749,1,1,3,2
5,3736,1,1,4,1
6,3715,1,1,5,1
7,3660,1,1,6,1
8,3646,1,1,6,2
9,3614,1,1,6,3
10,3590,1,1,6,4
11,3556,1,1,7,1
12,3514,1,1,8,1
13,3493,1,1,8,2
14,3449,1,1,8,3
15,3434,1,1,9,1
16,3414,1,1,9,2
17,3370,1,1,10,1
18,3351,1,1,10,2
19,3314,1,1,10,3
20,3281,1,1,11,1
21,3254,1,1,12,1
22,3235,1,1,12,2
23,3215,1,1,12,3
24,3188,1,1,13,1
25,3155,1,1,14,1
26,3126,1,1,15,1
27,3112,1,1,15,2
28,3059,1,1,16,1
29,3037,1,1,16,2
30,3006,1,1,16,3
31,2976,1,1,17,1
32,2957,1,1,18,1
33,2944,1,1,18,2
34,2901,1,1,18,3
35,2862,1,1,19,1
36,2851,1,1,20,1
37,2814,1,1,20,2
38,2798,1,1,20,3
39,2769,1,1,20,4
40,2744,1,1,21,1
41,2728,1,1,22,1
42,2696,1,1,23,1
43,2693,1,1,23,2
44,2653,1,1,23,3
45,2630,1,1,23,4
46,2614,1,1,23,5
47,2584,1,1,24,1
48,2561,1,1,25,1
49,2525,1,1,25,2
50,2506,1,1,25,3
51,2473,1,1,26,1
52,2428,1,1,27,1
53,2406,1,1,27,2
54,2363,1,1,28,1
55,2342,1,1,28,2
56,2318,1,1,29,1
57,2297,1,1,29,2
58,2250,1,1,29,3
59,2229,1,1,29,4
60,2176,1,1,30,1
61,2148,1,1,30,2
62,2128,1,1,30,3
63,2110,1,1,30,4
64,2049,1,1,31,1
65,2044,1,1,32,1
66,2013,1,1,33,1
67,1982,1,1,33,2
68,1962,1,1,33,3
69,1945,1,1,33,4
70,1905,1,1,34,1
71,1882,1,1,35,1
72,1835,1,1,35,2
73,1814,1,1,35,3
74,1785,1,1,35,4
75,1739,1,1,36,1
76,1738,1,1,36,2
77,1703,1,1,36,3
78,1672,1,1,36,4
79,1641,1,1,37,1
80,1609,1,1,37,2
81,1595,1,1,38,1
82,1567,1,1,39,1
83,1548,1,1,39,2
84,1517,1,1,39,3
85,1467,1,1,40,1
86,1434,1,1,41,1
87,1390,1,1,42,1
88,1368,1,1,43,1
89,1331,1,1,43,2
90,1292,1,1,43,3
91,1279,1,1,43,4
92,1255,1,1,44,1
93,1220,1,1,44,2
94,1195,1,1,45,1
95,1177,1,1,46,1
96,1153,1,1,46,2
97,1132,1,1,46,3
98,1093,1,1,47,1
99,1067,1,1,48,1
100,1056,1,1,48,2
101,1017,1,1,48,3
102,993,1,1,49,1
103,968,1,1,50,1
104,944,1,1,51,1
105,934,1,1,51,2
106,905,1,1,52,1
107,872,1,1,53,1
108,859,1,1,53,2
109,836,1,1,54,1
110,815,1,1,55,1
111,771,1,1,56,1
112,742,1,1,56,2
113,728,1,1,56,3
114,712,1,1,57,1
115,676,1,1,58,1
116,657,1,1,58,2
117,602,1,1,58,3
118,584,1,1,58,4
119,563,1,1,59,1
120,533,1,1,59,2
121,493,1,1,59,3
122,463,1,1,60,1
123,453,1,1,60,2
124,414,1,1,60,3
125,406,1,1,60,4
126,377,1,1,60,5
127,354,1,1,60,6
128,353,1,1,60,7
129,341,1,1,60,8
130,296,1,1,61,1
131,279,1,1,61,2
132,244,1,1,61,3
133,209,1,1,62,1
134,181,1,1,62,2
135,160,1,1,62,3
136,139,1,1,62,4
137,104,1,1,63,1
138,86,1,1,64,1
139,69,1,1,64,2
140,3852,1,2,1,1
141,3821,1,2,2,1
142,3809,1,2,2,2
143,3794,1,2,2,3
144,3754,1,2,3,1
145,3726,1,2,4,1
146,3717,1,2,4,2
147,3685,1,2,4,3
148,3648,1,2,4,4
149,3619,1,2,5,1
150,3589,1,2,6,1
151,3571,1,2,7,1
152,3546,1,2,8,1
153,3510,1,2,9,1
154,3496,1,2,9,2
155,3466,1,2,9,3
156,3431,1,2,10,1
157,4126,1,2,10,2
158,3402,1,2,11,1
159,3376,1,2,11,2
160,3358,1,2,11,3
161,3330,1,2,11,4
162,3318,1,2,11,5
163,3304,1,2,12,1
164,3276,1,2,13,1
165,3250,1,2,13,2
166,3241,1,2,13,3
167,3216,1,2,13,4
168,3196,1,2,14,1
169,3178,1,2,14,2
170,3161,1,2,15,1
171,3118,1,2,16,1
172,3105,1,2,16,2
173,3087,1,2,17,1
174,3079,1,2,17,2
175,3062,1,2,18,1
176,3045,1,2,19,1
177,3030,1,2,19,2
178,3012,1,2,20,1
179,2986,1,2,21,1
180,2962,1,2,21,2
181,2946,1,2,21,3
182,2909,1,2,21,4
183,2876,1,2,22,1
184,2857,1,2,23,1
185,2832,1,2,23,2
186,2813,1,2,23,3
187,2797,1,2,24,1
188,2758,1,2,24,2
189,2733,1,2,25,1
190,2713,1,2,25,2
191,2690,1,2,26,1
192,2663,1,2,27,1
193,2641,1,2,28,1
194,2618,1,2,29,1
195,2604,1,2,29,2
196,2570,1,2,30,1
197,2545,1,2,30,2
198,2510,1,2,30,3
199,2480,1,2,30,4
200,2469,1,2,30,5
201,2435,1,2,30,6
202,2407,1,2,30,7
203,2368,1,2,30,8
204,2336,1,2,30,9
205,2308,1,2,31,1
206,2278,1,2,32,1
207,2259,1,2,32,2
208,2240,1,2,33,1
209,2222,1,2,33,2
210,2196,1,2,34,1
211,2181,1,2,34,2
212,2159,1,2,35,1
213,2146,1,2,36,1
214,2130,1,2,36,2
215,2075,1,2,37,1
216,2054,1,2,37,2
217,2011,1,2,38,1
218,1987,1,2,39,1
219,1959,1,2,39,2
220,1912,1,2,39,3
221,1914,1,2,39,4
222,1863,1,2,40,1
223,1815,1,2,41,1
224,1772,1,2,42,1
225,1743,1,2,42,2
226,1720,1,2,42,3
227,1680,1,2,43,1
228,1661,1,2,43,2
229,1633,1,2,43,3
230,1605,1,2,43,4
231,1593,1,2,43,5
232,1568,1,2,43,6
233,1535,1,2,43,7
234,1492,1,2,43,8
235,1450,1,2,43,9
236,1420,1,2,44,1
237,1395,1,2,44,2
238,1361,1,2,45,1
239,1323,1,2,45,2
240,1302,1,2,45,3
241,1261,1,2,45,4
242,1226,1,2,45,5
243,1186,1,2,45,6
244,1165,1,2,45,7
245,1128,1,2,45,8
246,1104,1,2,46,1
247,1072,1,2,47,1
248,1050,1,2,47,2
249,1024,1,2,47,3
250,1021,1,2,47,4
251,984,1,2,48,1
252,966,1,2,48,2
253,931,1,2,49,1
254,900,1,2,49,2
255,886,1,2,49,3
256,843,1,2,49,4
257,840,1,2,49,5
258,796,1,2,50,1
259,779,1,2,50,2
260,735,1,2,51,1
261,697,1,2,51,2
262,665,1,2,51,3
263,621,1,2,51,4
264,612,1,2,51,5
265,570,1,2,51,6
266,577,1,2,51,7
267,520,1,2,51,8
268,518,1,2,51,9
269,521,1,2,51,10
270,474,1,2,51,11
271,435,1,2,52,1
272,411,1,2,52,2
273,371,1,2,53,1
274,337,1,2,54,1
275,321,1,2,54,2
276,290,1,2,54,3
277,253,1,2,55,1
278,217,1,2,56,1
279,222,1,2,56,2
280,195,1,2,56,3
281,170,1,2,56,4
282,147,1,2,56,5
283,102,1,2,57,1
284,71,1,2,57,2
285,3858,1,3,1,1
286,3827,1,3,1,2
287,3796,1,3,1,3
288,3772,1,3,1,4
289,3723,1,3,2,1
290,3709,1,3,2,2
291,3681,1,3,3,1
292,3652,1,3,4,1
293,3633,1,3,4,2
294,3597,1,3,4,3
295,3567,1,3,5,1
296,3539,1,3,5,2
297,3506,1,3,6,1
298,3492,1,3,6,2
299,3472,1,3,6,3
300,3437,1,3,6,4
301,3438,1,3,6,5
302,3393,1,3,7,1
303,3365,1,3,7,2
304,3315,1,3,8,1
305,3301,1,3,8,2
306,3262,1,3,8,3
307,3219,1,3,9,1
308,3201,1,3,9,2
309,3175,1,3,9,3
310,3139,1,3,9,4
311,3124,1,3,9,5
312,3100,1,3,9,6
313,3066,1,3,9,7
314,3038,1,3,9,8
315,3003,1,3,9,9
316,2982,1,3,9,10
317,2951,1,3,10,1
318,2932,1,3,11,1
319,2916,1,3,11,2
320,2864,1,3,12,1
321,2841,1,3,12,2
322,2788,1,3,13,1
323,2771,1,3,14,1
324,2725,1,3,14,2
325,2672,1,3,14,3
326,2667,1,3,14,4
327,2623,1,3,15,1
328,2576,1,3,16,1
329,2521,1,3,16,2
330,2498,1,3,16,3
331,2474,1,3,16,4
332,2414,1,3,17,1
333,2373,1,3,17,2
334,2349,1,3,17,3
335,2313,1,3,17,4
336,2302,1,3,17,5
337,2256,1,3,17,6
338,2233,1,3,17,7
339,2184,1,3,18,1
340,2142,1,3,18,2
341,2113,1,3,18,3
342,2067,1,3,18,4
343,2048,1,3,18,5
344,2007,1,3,18,6
345,1983,1,3,18,7
346,1961,1,3,19,1
347,1946,1,3,20,1
348,1927,1,3,20,2
349,1897,1,3,20,3
350,1870,1,3,20,4
351,1873,1,3,20,5
352,1846,1,3,20,6
353,1793,1,3,21,1
354,1802,1,3,21,2
355,1787,1,3,21,3
356,1736,1,3,22,1
357,1706,1,3,22,2
358,1678,1,3,22,3
359,1645,1,3,22,4
360,1599,1,3,22,5
361,1560,1,3,22,6
362,1536,1,3,22,7
363,1515,1,3,23,1
364,1494,1,3,23,2
365,1455,1,3,23,3
366,1430,1,3,23,4
367,1416,1,3,23,5
368,1372,1,3,24,1
369,1350,1,3,24,2
370,1343,1,3,24,3
371,1314,1,3,25,1
372,1288,1,3,26,1
373,1250,1,3,27,1
374,1242,1,3,27,2
375,1204,1,3,27,3
376,1173,1,3,27,4
377,1112,1,3,28,1
378,1076,1,3,29,1
379,1034,1,3,29,2
380,1001,1,3,29,3
381,961,1,3,29,4
382,926,1,3,29,5
383,870,1,3,29,6
384,848,1,3,29,7
385,806,1,3,29,8
386,781,1,3,30,1
387,738,1,3,31,1
388,684,1,3,31,2
389,644,1,3,31,3
390,614,1,3,31,4
391,568,1,3,32,1
392,528,1,3,32,2
393,495,1,3,32,3
394,478,1,3,32,4
395,422,1,3,33,1
396,403,1,3,33,2
397,399,1,3,33,3
398,346,1,3,34,1
399,306,1,3,34,2
400,277,1,3,34,3
401,227,1,3,34,4
402,188,1,3,34,5
403,142,1,3,34,6
404,111,1,3,35,1
405,80,1,3,35,2
406,61,1,3,35,3
407,3908,1,4,1,1
408,3868,1,4,1,2
409,3846,1,4,1,3
410,3811,1,4,1,4
411,3765,1,4,2,1
412,3724,1,4,3,1
413,4129,1,4,3,2
414,3678,1,4,4,1
415,3694,1,4,4,2
416,3666,1,4,5,1
417,3628,1,4,6,1
418,3604,1,4,6,2
419,3580,1,4,6,3
420,3534,1,4,6,4
421,3519,1,4,6,5
422,3498,1,4,6,6
423,3457,1,4,7,1
424,3441,1,4,7,2
425,3436,1,4,7,3
426,3396,1,4,8,1
427,3373,1,4,8,2
428,3345,1,4,8,3
429,3334,1,4,8,4
430,3306,1,4,8,5
431,3273,1,4,8,6
432,3249,1,4,8,7
433,3203,1,4,8,8
434,3184,1,4,8,9
435,3157,1,4,9,1
436,3125,1,4,10,1
437,3103,1,4,10,2
438,3065,1,4,11,1
439,3020,1,4,11,2
440,3004,1,4,11,3
441,2971,1,4,11,4
442,2933,1,4,11,5
443,2896,1,4,11,6
444,2874,1,4,11,7
445,2836,1,4,11,8
446,2802,1,4,12,1
447,2770,1,4,13,1
448,4124,1,4,13,2
449,2734,1,4,14,1
450,2697,1,4,14,2
451,2683,1,4,14,3
452,2642,1,4,14,4
453,2608,1,4,15,1
454,2547,1,4,16,1
455,2535,1,4,16,2
456,2490,1,4,17,1
457,2443,1,4,17,2
458,2438,1,4,17,3
459,2418,1,4,17,4
460,2370,1,4,18,1
461,2326,1,4,18,2
462,2290,1,4,19,1
463,2213,1,4,20,1
464,2182,1,4,21,1
465,2154,1,4,21,2
466,2120,1,4,22,1
467,2102,1,4,23,1
468,2091,1,4,23,2
469,2083,1,4,23,3
470,2037,1,4,23,4
471,2018,1,4,23,5
472,1979,1,4,24,1
473,1951,1,4,24,2
474,1920,1,4,25,1
475,1886,1,4,26,1
476,1855,1,4,26,2
477,1843,1,4,26,3
478,1796,1,4,27,1
479,1749,1,4,28,1
480,1724,1,4,28,2
481,1702,1,4,29,1
482,1657,1,4,30,1
483,1636,1,4,30,2
484,1612,1,4,30,3
485,1576,1,4,30,4
486,1556,1,4,31,1
487,1519,1,4,32,1
488,1478,1,4,33,1
489,1443,1,4,33,2
490,1431,1,4,33,3
491,1419,1,4,33,4
492,1377,1,4,33,5
493,1366,1,4,34,1
494,1332,1,4,35,1
495,1301,1,4,36,1
496,1284,1,4,36,2
497,1257,1,4,36,3
498,1218,1,4,37,1
499,1196,1,4,37,2
500,1174,1,4,38,1
501,1142,1,4,39,1
502,1127,1,4,39,2
503,1103,1,4,39,3
504,1065,1,4,40,1
505,1044,1,4,40,2
506,1011,1,4,40,3
507,991,1,4,40,4
508,978,1,4,40,5
509,927,1,4,41,1
510,902,1,4,41,2
511,880,1,4,42,1
512,846,1,4,43,1
513,834,1,4,43,2
514,802,1,4,44,1
515,792,1,4,44,2
516,789,1,4,44,3
517,753,1,4,45,1
518,734,1,4,45,2
519,709,1,4,45,3
520,716,1,4,45,4
521,669,1,4,46,1
522,645,1,4,46,2
523,610,1,4,47,1
524,571,1,4,48,1
525,567,1,4,48,2
526,546,1,4,48,3
527,513,1,4,49,1
528,490,1,4,49,2
529,475,1,4,49,3
530,436,1,4,50,1
531,408,1,4,50,2
532,384,1,4,51,1
533,363,1,4,51,2
534,345,1,4,51,3
535,315,1,4,52,1
536,291,1,4,53,1
537,273,1,4,54,1
538,228,1,4,54,2
539,201,1,4,54,3
540,150,1,4,54,4
541,138,1,4,54,5
542,93,1,4,55,1
543,75,1,4,55,2
544,34,1,4,55,3
545,3922,1,5,1,1
546,3884,1,5,2,1
547,3864,1,5,2,2
548,3849,1,5,2,3
549,3830,1,5,3,1
550,3807,1,5,4,1
551,3742,1,5,5,1
552,3729,1,5,5,2
553,3702,1,5,6,1
554,3687,1,5,7,1
555,3630,1,5,7,2
556,3616,1,5,7,3
557,3581,1,5,7,4
558,3570,1,5,7,5
559,3530,1,5,8,1
560,3502,1,5,9,1
561,3476,1,5,9,2
562,3419,1,5,10,1
563,3405,1,5,10,2
564,3366,1,5,10,3
565,3323,1,5,11,1
566,3300,1,5,11,2
567,3268,1,5,11,3
568,3237,1,5,11,4
569,3224,1,5,11,5
570,3197,1,5,11,6
571,3159,1,5,11,7
572,3127,1,5,11,8
573,3086,1,5,11,9
574,3049,1,5,11,10
575,3015,1,5,12,1
576,2991,1,5,13,1
577,2972,1,5,13,2
578,2939,1,5,14,1
579,2930,1,5,14,2
580,2897,1,5,15,1
581,2872,1,5,15,2
582,2859,1,5,16,1
583,2846,1,5,17,1
584,2831,1,5,17,2
585,2779,1,5,18,1
586,2765,1,5,18,2
587,2726,1,5,19,1
588,2701,1,5,20,1
589,2664,1,5,20,2
590,2621,1,5,20,3
591,2612,1,5,20,4
592,2567,1,5,21,1
593,2514,1,5,22,1
594,2479,1,5,23,1
595,2457,1,5,23,2
596,2424,1,5,23,3
597,2388,1,5,24,1
598,2366,1,5,24,2
599,2335,1,5,25,1
600,2324,1,5,26,1
601,2295,1,5,26,2
602,2276,1,5,26,3
603,2257,1,5,26,4
604,2214,1,5,27,1
605,2194,1,5,27,2
606,2162,1,5,28,1
607,2136,1,5,28,2
608,2106,1,5,28,3
609,2095,1,5,29,1
610,2078,1,5,30,1
611,2034,1,5,30,2
612,1989,1,5,30,3
613,1977,1,5,30,4
614,1929,1,5,31,1
615,1898,1,5,31,2
616,1864,1,5,31,3
617,1854,1,5,31,4
618,1827,1,5,31,5
619,1794,1,5,32,1
620,1765,1,5,32,2
621,1715,1,5,33,1
622,1656,1,5,34,1
623,1635,1,5,34,2
624,1578,1,5,35,1
625,1559,1,5,36,1
626,1524,1,5,37,1
627,1498,1,5,38,1
628,1491,1,5,38,2
629,1464,1,5,38,3
630,1432,1,5,39,1
631,1378,1,5,40,1
632,1358,1,5,40,2
633,1312,1,5,40,3
634,1260,1,5,41,1
635,1243,1,5,41,2
636,1210,1,5,41,3
637,1176,1,5,41,4
638,1168,1,5,41,5
639,1138,1,5,41,6
640,1095,1,5,41,7
641,1077,1,5,41,8
642,1032,1,5,41,9
643,999,1,5,41,10
644,976,1,5,42,1
645,951,1,5,43,1
646,922,1,5,43,2
647,912,1,5,44,1
648,894,1,5,45,1
649,874,1,5,45,2
650,817,1,5,46,1
651,797,1,5,46,2
652,752,1,5,47,1
653,737,1,5,48,1
654,689,1,5,49,1
655,629,1,5,49,2
656,634,1,5,49,3
657,585,1,5,50,1
658,527,1,5,51,1
659,489,1,5,52,1
660,461,1,5,52,2
661,444,1,5,52,3
662,382,1,5,53,1
663,364,1,5,53,2
664,313,1,5,53,3
665,268,1,5,54,1
666,249,1,5,54,2
667,220,1,5,54,3
668,187,1,5,54,4
669,168,1,5,54,5
670,144,1,5,54,6
671,112,1,5,54,7
672,94,1,5,54,8
673,59,1,5,54,9
674,28,1,5,54,10
675,3932,1,6,1,1
676,3893,1,6,1,2
677,3834,1,6,1,3
678,3795,1,6,1,4
679,3741,1,6,1,5
680,3684,1,6,1,6
681,3649,1,6,2,1
682,3607,1,6,3,1
683,3591,1,6,3,2
684,3557,1,6,3,3
685,3508,1,6,4,1
686,4127,1,6,4,2
687,3474,1,6,5,1
688,3435,1,6,5,2
689,3417,1,6,5,3
690,3374,1,6,5,4
691,3363,1,6,5,5
692,3303,1,6,6,1
693,3258,1,6,7,1
694,3232,1,6,7,2
695,3211,1,6,7,3
696,3145,1,6,8,1
697,3107,1,6,8,2
698,3074,1,6,9,1
699,3046,1,6,10,1
700,3031,1,6,11,1
701,2980,1,6,11,2
702,2938,1,6,11,3
703,2891,1,6,11,4
704,2881,1,6,11,5
705,2819,1,6,12,1
706,2789,1,6,12,2
707,2780,1,6,12,3
708,2742,1,6,12,4
709,2691,1,6,13,1
710,2668,1,6,13,2
711,2639,1,6,14,1
712,2600,1,6,15,1
713,2554,1,6,16,1
714,2504,1,6,16,2
715,2472,1,6,17,1
716,2449,1,6,18,1
717,2402,1,6,18,2
718,2389,1,6,18,3
719,2347,1,6,18,4
720,2337,1,6,18,5
721,2268,1,6,19,1
722,2251,1,6,19,2
723,2200,1,6,19,3
724,2160,1,6,20,1
725,2118,1,6,20,2
726,2098,1,6,20,3
727,2035,1,6,21,1
728,2046,1,6,22,1
729,2028,1,6,23,1
730,2010,1,6,23,2
731,1978,1,6,24,1
732,1956,1,6,25,1
733,1937,1,6,25,2
734,1909,1,6,26,1
735,1885,1,6,26,2
736,1860,1,6,26,3
737,1768,1,6,27,1
738,1779,1,6,28,1
739,1746,1,6,28,2
740,1708,1,6,28,3
741,1692,1,6,28,4
742,1669,1,6,29,1
743,1622,1,6,30,1
744,1617,1,6,30,2
745,1587,1,6,31,1
746,1569,1,6,32,1
747,1563,1,6,32,2
748,1533,1,6,33,1
749,1508,1,6,34,1
750,1512,1,6,34,2
751,1496,1,6,34,3
752,1437,1,6,35,1
753,1414,1,6,35,2
754,1365,1,6,36,1
755,1334,1,6,36,2
756,1316,1,6,37,1
757,1303,1,6,38,1
758,1273,1,6,38,2
759,1258,1,6,38,3
760,1200,1,6,39,1
761,1187,1,6,39,2
762,1175,1,6,39,3
763,1148,1,6,40,1
764,1110,1,6,41,1
765,1096,1,6,41,2
766,1053,1,6,41,3
767,1039,1,6,41,4
768,1010,1,6,41,5
769,974,1,6,42,1
770,933,1,6,42,2
771,896,1,6,42,3
772,883,1,6,42,4
773,837,1,6,43,1
774,814,1,6,44,1
775,782,1,6,45,1
776,761,1,6,45,2
777,724,1,6,45,3
778,727,1,6,45,4
779,701,1,6,46,1
780,667,1,6,47,1
781,636,1,6,47,2
782,603,1,6,48,1
783,574,1,6,49,1
784,506,1,6,50,1
785,480,1,6,50,2
786,423,1,6,51,1
787,395,1,6,51,2
788,340,1,6,52,1
789,304,1,6,52,2
790,275,1,6,53,1
791,247,1,6,54,1
792,231,1,6,55,1
793,202,1,6,55,2
794,196,1,6,55,3
795,164,1,6,55,4
796,109,1,6,55,5
797,68,1,6,56,1
798,40,1,6,56,2
799,15,1,6,56,3
800,3933,1,7,1,1
801,3889,1,7,2,1
802,3885,1,7,3,1
803,3841,1,7,4,1
804,3808,1,7,5,1
805,3773,1,7,5,2
806,3762,1,7,5,3
807,3731,1,7,5,4
808,3716,1,7,5,5
809,3654,1,7,6,1
810,3611,1,7,6,2
811,3544,1,7,7,1
812,3521,1,7,7,2
813,3511,1,7,7,3
814,3477,1,7,7,4
815,3455,1,7,8,1
816,3422,1,7,9,1
817,3395,1,7,9,2
818,3346,1,7,9,3
819,3325,1,7,9,4
820,3292,1,7,10,1
821,3277,1,7,11,1
822,3230,1,7,11,2
823,3202,1,7,11,3
824,3153,1,7,11,4
825,3141,1,7,11,5
826,3117,1,7,12,1
827,3081,1,7,13,1
828,3060,1,7,13,2
829,3016,1,7,14,1
830,2973,1,7,15,1
831,2967,1,7,15,2
832,2940,1,7,15,3
833,2914,1,7,16,1
834,2886,1,7,17,1
835,2853,1,7,18,1
836,2807,1,7,18,2
837,2784,1,7,18,3
838,2746,1,7,18,4
839,2722,1,7,18,5
840,2687,1,7,19,1
841,2649,1,7,20,1
842,2601,1,7,20,2
843,2568,1,7,21,1
844,2553,1,7,22,1
845,2499,1,7,22,2
846,2440,1,7,22,3
847,2433,1,7,22,4
848,2398,1,7,23,1
849,2356,1,7,24,1
850,2325,1,7,24,2
851,2300,1,7,24,3
852,2267,1,7,25,1
853,2237,1,7,26,1
854,2210,1,7,26,2
855,2185,1,7,26,3
856,2174,1,7,26,4
857,2145,1,7,26,5
858,2100,1,7,27,1
859,2051,1,7,28,1
860,2021,1,7,28,2
861,1994,1,7,28,3
862,1980,1,7,28,4
863,1960,1,7,28,5
864,1944,1,7,29,1
865,1884,1,7,30,1
866,1856,1,7,30,2
867,1841,1,7,30,3
868,1771,1,7,31,1
869,1716,1,7,32,1
870,1681,1,7,32,2
871,1671,1,7,32,3
872,1638,1,7,32,4
873,1577,1,7,33,1
874,1561,1,7,33,2
875,1542,1,7,33,3
876,1495,1,7,34,1
877,1493,1,7,34,2
878,1468,1,7,34,3
879,1456,1,7,34,4
880,1406,1,7,35,1
881,1371,1,7,35,2
882,1355,1,7,35,3
883,1295,1,7,36,1
884,1275,1,7,36,2
885,1264,1,7,36,3
886,1234,1,7,37,1
887,1188,1,7,37,2
888,1164,1,7,37,3
889,1143,1,7,37,4
890,1108,1,7,38,1
891,1058,1,7,38,2
892,1030,1,7,39,1
893,1012,1,7,39,2
894,977,1,7,39,3
895,940,1,7,39,4
896,907,1,7,40,1
897,877,1,7,41,1
898,809,1,7,42,1
899,785,1,7,43,1
900,743,1,7,44,1
901,720,1,7,44,2
902,699,1,7,44,3
903,660,1,7,45,1
904,630,1,7,45,2
905,601,1,7,46,1
906,556,1,7,47,1
907,554,1,7,47,2
908,530,1,7,47,3
909,496,1,7,48,1
910,450,1,7,49,1
911,400,1,7,49,2
912,378,1,7,49,3
913,330,1,7,50,1
914,317,1,7,50,2
915,281,1,7,51,1
916,250,1,7,51,2
917,216,1,7,52,1
918,186,1,7,53,1
919,152,1,7,53,2
920,113,1,7,53,3
921,99,1,7,54,1
922,42,1,7,55,1
923,3983,1,8,1,1
924,3963,1,8,2,1
925,3915,1,8,3,1
926,3902,1,8,3,2
927,3862,1,8,3,3
928,3833,1,8,4,1
929,3789,1,8,5,1
930,3767,1,8,5,2
931,3746,1,8,5,3
932,3708,1,8,6,1
933,3695,1,8,6,2
934,3661,1,8,7,1
935,3644,1,8,8,1
936,3626,1,8,8,2
937,3574,1,8,9,1
938,3561,1,8,10,1
939,3512,1,8,11,1
940,3491,1,8,11,2
941,3478,1,8,11,3
942,3444,1,8,11,4
943,3382,1,8,12,1
944,3359,1,8,12,2
945,3336,1,8,13,1
946,3289,1,8,14,1
947,3242,1,8,15,1
948,3229,1,8,16,1
949,3174,1,8,16,2
950,3151,1,8,16,3
951,3110,1,8,16,4
952,3052,1,8,17,1
953,3025,1,8,17,2
954,2999,1,8,17,3
955,2952,1,8,18,1
956,2915,1,8,18,2
957,2894,1,8,18,3
958,2839,1,8,19,1
959,2801,1,8,20,1
960,2786,1,8,21,1
961,2753,1,8,21,2
962,2737,1,8,21,3
963,2716,1,8,21,4
964,2655,1,8,22,1
965,2619,1,8,22,2
966,2588,1,8,23,1
967,2541,1,8,23,2
968,2513,1,8,23,3
969,2492,1,8,23,4
970,2471,1,8,24,1
971,2441,1,8,24,2
972,2408,1,8,25,1
973,2380,1,8,26,1
974,2367,1,8,26,2
975,2339,1,8,27,1
976,2291,1,8,28,1
977,2269,1,8,28,2
978,2254,1,8,28,3
979,2211,1,8,29,1
980,2188,1,8,29,2
981,2169,1,8,29,3
982,2134,1,8,29,4
983,2081,1,8,30,1
984,2059,1,8,30,2
985,2022,1,8,31,1
986,2002,1,8,31,2
987,1947,1,8,32,1
988,1925,1,8,32,2
989,1911,1,8,32,3
990,1844,1,8,33,1
991,1828,1,8,33,2
992,1789,1,8,34,1
993,1775,1,8,34,2
994,1753,1,8,34,3
995,1728,1,8,34,4
996,1677,1,8,35,1
997,1646,1,8,35,2
998,1623,1,8,36,1
999,1594,1,8,37,1
1000,1562,1,8,37,2
1001,1543,1,8,37,3
1002,1518,1,8,38,1
1003,1487,1,8,38,2
1004,1451,1,8,38,3
1005,1427,1,8,39,1
1006,1380,1,8,39,2
1007,1370,1,8,39,3
1008,1344,1,8,39,4
1009,1319,1,8,40,1
1010,1294,1,8,40,2
1011,1244,1,8,41,1
1012,1225,1,8,41,2
1013,1208,1,8,41,3
1014,1182,1,8,41,4
1015,1134,1,8,42,1
1016,1113,1,8,42,2
1017,1075,1,8,42,3
1018,1041,1,8,43,1
1019,1020,1,8,44,1
1020,990,1,8,44,2
1021,979,1,8,44,3
1022,962,1,8,44,4
1023,932,1,8,45,1
1024,906,1,8,46,1
1025,863,1,8,47,1
1026,842,1,8,47,2
1027,808,1,8,47,3
1028,811,1,8,47,4
1029,763,1,8,48,1
1030,744,1,8,48,2
1031,708,1,8,49,1
1032,677,1,8,50,1
1033,648,1,8,51,1
1034,600,1,8,52,1
1035,572,1,8,52,2
1036,549,1,8,52,3
1037,501,1,8,53,1
1038,455,1,8,54,1
1039,429,1,8,55,1
1040,398,1,8,56,1
1041,372,1,8,56,2
1042,332,1,8,57,1
1043,294,1,8,58,1
1044,286,1,8,58,2
1045,257,1,8,58,3
1046,237,1,8,58,4
1047,193,1,8,58,5
1048,132,1,8,58,6
1049,118,1,8,58,7
1050,49,1,8,59,1
1051,3993,1,9,1,1
1052,3945,1,9,2,1
1053,3919,1,9,2,2
1054,3892,1,9,2,3
1055,3855,1,9,3,1
1056,3835,1,9,3,2
1057,3801,1,9,4,1
1058,3758,1,9,5,1
1059,3733,1,9,5,2
1060,3686,1,9,6,1
1061,3653,1,9,7,1
1062,3624,1,9,8,1
1063,3598,1,9,9,1
1064,3562,1,9,10,1
1065,3543,1,9,10,2
1066,3503,1,9,10,3
1067,3483,1,9,11,1
1068,3450,1,9,12,1
1069,3400,1,9,13,1
1070,3372,1,9,14,1
1071,3338,1,9,14,2
1072,3328,1,9,14,3
1073,3278,1,9,14,4
1074,3263,1,9,14,5
1075,3244,1,9,15,1
1076,3206,1,9,16,1
1077,3147,1,9,17,1
1078,3143,1,9,17,2
1079,3101,1,9,17,3
1080,3088,1,9,17,4
1081,3042,1,9,18,1
1082,2988,1,9,19,1
1083,2926,1,9,20,1
1084,2867,1,9,21,1
1085,2821,1,9,21,2
1086,2806,1,9,21,3
1087,2764,1,9,22,1
1088,2708,1,9,23,1
1089,2680,1,9,23,2
1090,2669,1,9,23,3
1091,2626,1,9,24,1
1092,2548,1,9,25,1
1093,2526,1,9,25,2
1094,2463,1,9,26,1
1095,2447,1,9,26,2
1096,2392,1,9,27,1
1097,2369,1,9,27,2
1098,2348,1,9,27,3
1099,2305,1,9,28,1
1100,2296,1,9,29,1
1101,2263,1,9,29,2
1102,2248,1,9,29,3
1103,2226,1,9,29,4
1104,2203,1,9,30,1
1105,2179,1,9,31,1
1106,2115,1,9,32,1
1107,2063,1,9,32,2
1108,2038,1,9,32,3
1109,2027,1,9,32,4
1110,1973,1,9,33,1
1111,1942,1,9,33,2
1112,1883,1,9,34,1
1113,1857,1,9,34,2
1114,1830,1,9,34,3
1115,1803,1,9,34,4
1116,1740,1,9,35,1
1117,1691,1,9,36,1
1118,1648,1,9,36,2
1119,1624,1,9,37,1
1120,1592,1,9,38,1
1121,1572,1,9,38,2
1122,1553,1,9,38,3
1123,1521,1,9,39,1
1124,1488,1,9,40,1
1125,1454,1,9,40,2
1126,1425,1,9,41,1
1127,1374,1,9,42,1
1128,1359,1,9,42,2
1129,1337,1,9,42,3
1130,1304,1,9,43,1
1131,1241,1,9,44,1
1132,1232,1,9,44,2
1133,1212,1,9,44,3
1134,1190,1,9,45,1
1135,1158,1,9,46,1
1136,1123,1,9,47,1
1137,1105,1,9,47,2
1138,1069,1,9,48,1
1139,1060,1,9,48,2
1140,1031,1,9,48,3
1141,1003,1,9,48,4
1142,967,1,9,49,1
1143,899,1,9,50,1
1144,871,1,9,50,2
1145,853,1,9,50,3
1146,798,1,9,51,1
1147,756,1,9,52,1
1148,731,1,9,52,2
1149,695,1,9,53,1
1150,662,1,9,53,2
1151,640,1,9,53,3
1152,615,1,9,53,4
1153,592,1,9,54,1
1154,569,1,9,54,2
1155,534,1,9,55,1
1156,507,1,9,55,2
1157,471,1,9,56,1
1158,409,1,9,56,2
1159,357,1,9,57,1
1160,343,1,9,58,1
1161,310,1,9,58,2
1162,303,1,9,58,3
1163,262,1,9,58,4
1164,248,1,9,59,1
1165,191,1,9,59,2
1166,158,1,9,59,3
1167,127,1,9,59,4
1168,106,1,9,60,1
1169,85,1,9,61,1
1170,66,1,9,62,1
1171,46,1,9,62,2
1172,4027,1,10,1,1
1173,4013,1,10,2,1
1174,3957,1,10,2,2
1175,3942,1,10,2,3
1176,3911,1,10,2,4
1177,3901,1,10,2,5
1178,3871,1,10,3,1
1179,3854,1,10,4,1
1180,3844,1,10,5,1
1181,3792,1,10,5,2
1182,3750,1,10,5,3
1183,3711,1,10,5,4
1184,3698,1,10,5,5
1185,3674,1,10,5,6
1186,3632,1,10,6,1
1187,3613,1,10,7,1
1188,3588,1,10,8,1
1189,3524,1,10,8,2
1190,3481,1,10,8,3
1191,3467,1,10,8,4
1192,3430,1,10,9,1
1193,3364,1,10,10,1
1194,3349,1,10,10,2
1195,3337,1,10,10,3
1196,3287,1,10,11,1
1197,3146,1,10,12,1
1198,3223,1,10,13,1
1199,3208,1,10,14,1
1200,3176,1,10,15,1
1201,3160,1,10,15,2
1202,3114,1,10,15,3
1203,3104,1,10,15,4
1204,3047,1,10,16,1
1205,3005,1,10,16,2
1206,2965,1,10,16,3
1207,2960,1,10,16,4
1208,2918,1,10,16,5
1209,2910,1,10,16,6
1210,2875,1,10,16,7
1211,2879,1,10,16,8
1212,2869,1,10,16,9
1213,2833,1,10,16,10
1214,2811,1,10,16,11
1215,2745,1,10,17,1
1216,2702,1,10,18,1
1217,2673,1,10,18,2
1218,2643,1,10,18,3
1219,2597,1,10,19,1
1220,2583,1,10,19,2
1221,2555,1,10,19,3
1222,2532,1,10,19,4
1223,2500,1,10,20,1
1224,2465,1,10,21,1
1225,2429,1,10,21,2
1226,2390,1,10,22,1
1227,2371,1,10,22,2
1228,2345,1,10,22,3
1229,2315,1,10,23,1
1230,2260,1,10,23,2
1231,2220,1,10,23,3
1232,2197,1,10,23,4
1233,2167,1,10,24,1
1234,2124,1,10,24,2
1235,2094,1,10,24,3
1236,2056,1,10,24,4
1237,2047,1,10,25,1
1238,2025,1,10,26,1
1239,1984,1,10,27,1
1240,1952,1,10,28,1
1241,1923,1,10,29,1
1242,1900,1,10,30,1
1243,1851,1,10,31,1
1244,1823,1,10,31,2
1245,1801,1,10,31,3
1246,1790,1,10,31,4
1247,1754,1,10,32,1
1248,1693,1,10,33,1
1249,1674,1,10,33,2
1250,1653,1,10,33,3
1251,1597,1,10,34,1
1252,1552,1,10,35,1
1253,1525,1,10,36,1
1254,1489,1,10,37,1
1255,1470,1,10,37,2
1256,1472,1,10,37,3
1257,1417,1,10,38,1
1258,1394,1,10,38,2
1259,1338,1,10,38,3
1260,1297,1,10,39,1
1261,1280,1,10,40,1
1262,1266,1,10,41,1
1263,1214,1,10,41,2
1264,1179,1,10,41,3
1265,1141,1,10,41,4
1266,1129,1,10,41,5
1267,1111,1,10,41,6
1268,1029,1,10,42,1
1269,989,1,10,43,1
1270,937,1,10,44,1
1271,901,1,10,44,2
1272,861,1,10,45,1
1273,820,1,10,45,2
1274,750,1,10,46,1
1275,705,1,10,47,1
1276,668,1,10,47,2
1277,656,1,10,47,3
1278,619,1,10,48,1
1279,591,1,10,49,1
1280,555,1,10,49,2
1281,525,1,10,49,3
1282,479,1,10,50,1
1283,443,1,10,50,2
1284,385,1,10,51,1
1285,333,1,10,52,1
1286,302,1,10,53,1
1287,280,1,10,53,2
1288,233,1,10,54,1
1289,176,1,10,55,1
1290,108,1,10,55,2
1291,101,1,10,55,3
1292,79,1,10,55,4
1293,50,1,10,56,1
1294,4042,1,11,1,1
1295,4032,1,11,1,2
1296,3988,1,11,2,1
1297,3958,1,11,2,2
1298,3929,1,11,3,1
1299,3921,1,11,3,2
1300,3906,1,11,3,3
1301,3883,1,11,3,4
1302,3853,1,11,4,1
1303,3839,1,11,5,1
1304,3818,1,11,6,1
1305,3779,1,11,7,1
1306,3752,1,11,8,1
1307,3705,1,11,9,1
1308,3689,1,11,10,1
1309,3627,1,11,11,1
1310,3622,1,11,11,2
1311,3584,1,11,11,3
1312,3563,1,11,11,4
1313,3551,1,11,12,1
1314,3517,1,11,13,1
1315,3488,1,11,14,1
1316,3460,1,11,15,1
1317,3415,1,11,16,1
1318,3399,1,11,16,2
1319,3371,1,11,16,3
1320,3333,1,11,17,1
1321,3288,1,11,18,1
1322,3260,1,11,18,2
1323,3240,1,11,18,3
1324,3193,1,11,19,1
1325,3149,1,11,20,1
1326,3123,1,11,20,2
1327,3073,1,11,20,3
1328,3054,1,11,20,4
1329,3040,1,11,20,5
1330,3011,1,11,21,1
1331,2978,1,11,21,2
1332,2959,1,11,21,3
1333,2931,1,11,22,1
1334,2900,1,11,22,2
1335,2893,1,11,22,3
1336,2863,1,11,22,4
1337,2855,1,11,23,1
1338,2804,1,11,24,1
1339,2760,1,11,25,1
1340,2729,1,11,26,1
1341,2660,1,11,27,1
1342,2645,1,11,27,2
1343,2617,1,11,27,3
1344,2592,1,11,28,1
1345,2575,1,11,29,1
1346,2543,1,11,30,1
1347,2522,1,11,30,2
1348,2488,1,11,31,1
1349,2445,1,11,32,1
1350,2439,1,11,33,1
1351,2394,1,11,34,1
1352,2350,1,11,35,1
1353,2332,1,11,35,2
1354,2312,1,11,36,1
1355,2252,1,11,37,1
1356,2228,1,11,38,1
1357,2168,1,11,39,1
1358,2092,1,11,40,1
1359,2068,1,11,40,2
1360,2043,1,11,40,3
1361,2023,1,11,40,4
1362,1981,1,11,41,1
1363,1918,1,11,42,1
1364,1874,1,11,42,2
1365,1832,1,11,43,1
1366,1809,1,11,44,1
1367,1769,1,11,45,1
1368,1712,1,11,46,1
1369,1697,1,11,46,2
1370,1676,1,11,46,3
1371,1625,1,11,47,1
1372,1583,1,11,47,2
1373,1547,1,11,48,1
1374,1527,1,11,49,1
1375,1509,1,11,49,2
1376,1446,1,11,50,1
1377,1448,1,11,50,2
1378,1397,1,11,50,3
1379,1399,1,11,50,4
1380,1379,1,11,50,5
1381,1325,1,11,50,6
1382,1310,1,11,50,7
1383,1256,1,11,51,1
1384,1230,1,11,51,2
1385,1194,1,11,52,1
1386,1131,1,11,53,1
1387,1091,1,11,54,1
1388,1047,1,11,55,1
1389,1005,1,11,55,2
1390,960,1,11,56,1
1391,903,1,11,57,1
1392,862,1,11,58,1
1393,838,1,11,58,2
1394,800,1,11,58,3
1395,795,1,11,58,4
1396,755,1,11,59,1
1397,725,1,11,59,2
1398,693,1,11,59,3
1399,675,1,11,59,4
1400,643,1,11,59,5
1401,613,1,11,59,6
1402,590,1,11,60,1
1403,552,1,11,61,1
1404,497,1,11,62,1
1405,481,1,11,62,2
1406,442,1,11,62,3
1407,427,1,11,62,4
1408,405,1,11,62,5
1409,356,1,11,63,1
1410,316,1,11,63,2
1411,272,1,11,64,1
1412,206,1,11,65,1
1413,178,1,11,65,2
1414,166,1,11,65,3
1415,135,1,11,65,4
1416,95,1,11,66,1
1417,64,1,11,67,1
1418,4068,1,12,1,1
1419,4050,1,12,1,2
1420,4022,1,12,2,1
1421,3996,1,12,3,1
1422,3960,1,12,3,2
1423,3930,1,12,3,3
1424,4132,1,12,3,4
1425,3897,1,12,4,1
1426,3867,1,12,4,2
1427,3829,1,12,5,1
1428,3753,1,12,6,1
1429,3730,1,12,6,2
1430,3664,1,12,7,1
1431,3639,1,12,8,1
1432,3586,1,12,8,2
1433,3420,1,12,9,1
1434,3479,1,12,10,1
1435,3469,1,12,10,2
1436,3448,1,12,10,3
1437,3418,1,12,10,4
1438,3394,1,12,11,1
1439,3356,1,12,12,1
1440,4125,1,12,13,1
1441,3269,1,12,14,1
1442,3245,1,12,14,2
1443,3192,1,12,15,1
1444,3150,1,12,15,2
1445,3132,1,12,15,3
1446,3094,1,12,16,1
1447,3069,1,12,16,2
1448,3035,1,12,16,3
1449,3019,1,12,16,4
1450,2961,1,12,17,1
1451,2927,1,12,17,2
1452,2907,1,12,17,3
1453,2868,1,12,17,4
1454,2850,1,12,17,5
1455,2783,1,12,18,1
1456,2768,1,12,18,2
1457,2747,1,12,18,3
1458,2727,1,12,18,4
1459,2698,1,12,19,1
1460,2651,1,12,20,1
1461,2616,1,12,20,2
1462,2599,1,12,21,1
1463,2585,1,12,21,2
1464,2558,1,12,21,3
1465,2537,1,12,22,1
1466,2507,1,12,23,1
1467,2470,1,12,24,1
1468,2459,1,12,24,2
1469,2404,1,12,24,3
1470,2384,1,12,25,1
1471,2341,1,12,26,1
1472,2303,1,12,26,2
1473,2270,1,12,26,3
1474,2236,1,12,27,1
1475,2204,1,12,28,1
1476,2150,1,12,29,1
1477,2122,1,12,29,2
1478,2086,1,12,29,3
1479,2030,1,12,30,1
1480,2017,1,12,30,2
1481,2000,1,12,30,3
1482,1975,1,12,30,4
1483,1931,1,12,31,1
1484,1903,1,12,31,2
1485,1896,1,12,31,3
1486,1858,1,12,31,4
1487,1810,1,12,32,1
1488,1760,1,12,33,1
1489,1752,1,12,33,2
1490,1721,1,12,33,3
1491,1662,1,12,34,1
1492,1629,1,12,34,2
1493,1606,1,12,35,1
1494,1579,1,12,36,1
1495,1504,1,12,37,1
1496,1479,1,12,37,2
1497,1428,1,12,38,1
1498,1421,1,12,38,2
1499,1407,1,12,38,3
1500,1381,1,12,38,4
1501,1347,1,12,39,1
1502,1317,1,12,39,2
1503,1298,1,12,39,3
1504,1263,1,12,40,1
1505,1240,1,12,41,1
1506,1192,1,12,42,1
1507,1169,1,12,43,1
1508,1156,1,12,44,1
1509,1097,1,12,44,2
1510,1074,1,12,44,3
1511,1028,1,12,44,4
1512,1018,1,12,44,5
1513,970,1,12,45,1
1514,945,1,12,45,2
1515,916,1,12,46,1
1516,890,1,12,47,1
1517,868,1,12,47,2
1518,816,1,12,48,1
1519,757,1,12,49,1
1520,713,1,12,49,2
1521,683,1,12,49,3
1522,625,1,12,50,1
1523,593,1,12,51,1
1524,560,1,12,51,2
1525,539,1,12,51,3
1526,517,1,12,51,4
1527,486,1,12,51,5
1528,430,1,12,52,1
1529,412,1,12,52,2
1530,383,1,12,52,3
1531,352,1,12,53,1
1532,326,1,12,54,1
1533,271,1,12,55,1
1534,251,1,12,55,2
1535,212,1,12,55,3
1536,189,1,12,55,4
1537,125,1,12,56,1
1538,105,1,12,56,2
1539,89,1,12,56,3
1540,57,1,12,56,4
1541,41,1,12,56,5
1542,22,1,12,56,6
1543,4084,1,13,1,1
1544,4074,1,13,1,2
1545,4038,1,13,2,1
1546,4026,1,13,2,2
1547,3995,1,13,2,3
1548,3973,1,13,2,4
1549,3934,1,13,3,1
1550,3923,1,13,3,2
1551,3900,1,13,4,1
1552,3870,1,13,5,1
1553,3832,1,13,5,2
1554,3806,1,13,5,3
1555,3788,1,13,5,4
1556,3771,1,13,5,5
1557,3714,1,13,6,1
1558,3677,1,13,7,1
1559,3657,1,13,7,2
1560,3655,1,13,7,3
1561,3620,1,13,8,1
1562,3593,1,13,9,1
1563,3525,1,13,10,1
1564,3504,1,13,11,1
1565,3473,1,13,11,2
1566,3433,1,13,11,3
1567,3407,1,13,11,4
1568,3387,1,13,11,5
1569,3326,1,13,12,1
1570,3299,1,13,12,2
1571,3255,1,13,13,1
1572,3213,1,13,13,2
1573,3212,1,13,13,3
1574,3179,1,13,13,4
1575,3152,1,13,13,5
1576,3116,1,13,14,1
1577,3084,1,13,15,1
1578,3044,1,13,15,2
1579,3022,1,13,15,3
1580,2977,1,13,16,1
1581,2936,1,13,16,2
1582,2889,1,13,17,1
1583,2858,1,13,17,2
1584,2824,1,13,17,3
1585,2794,1,13,17,4
1586,2772,1,13,17,5
1587,2748,1,13,18,1
1588,2700,1,13,19,1
1589,2676,1,13,19,2
1590,2640,1,13,19,3
1591,2620,1,13,19,4
1592,2565,1,13,20,1
1593,2533,1,13,20,2
1594,2518,1,13,20,3
1595,2497,1,13,21,1
1596,2466,1,13,22,1
1597,2421,1,13,22,2
1598,2416,1,13,22,3
1599,2361,1,13,22,4
1600,2294,1,13,23,1
1601,2249,1,13,23,2
1602,2208,1,13,23,3
1603,2171,1,13,24,1
1604,2143,1,13,24,2
1605,2123,1,13,24,3
1606,2072,1,13,25,1
1607,2024,1,13,26,1
1608,1974,1,13,26,2
1609,1948,1,13,27,1
1610,1919,1,13,28,1
1611,1871,1,13,28,2
1612,1847,1,13,28,3
1613,1820,1,13,28,4
1614,1805,1,13,28,5
1615,1776,1,13,29,1
1616,1722,1,13,30,1
1617,1707,1,13,30,2
1618,1689,1,13,30,3
1619,1660,1,13,31,1
1620,1634,1,13,31,2
1621,1614,1,13,31,3
1622,1544,1,13,32,1
1623,1486,1,13,32,2
1624,1452,1,13,33,1
1625,1408,1,13,34,1
1626,1386,1,13,34,2
1627,1356,1,13,34,3
1628,1341,1,13,34,4
1629,1327,1,13,35,1
1630,1308,1,13,35,2
1631,1259,1,13,36,1
1632,1202,1,13,37,1
1633,1172,1,13,37,2
1634,1144,1,13,37,3
1635,1107,1,13,37,4
1636,1052,1,13,38,1
1637,1014,1,13,38,2
1638,982,1,13,39,1
1639,949,1,13,40,1
1640,924,1,13,40,2
1641,913,1,13,40,3
1642,884,1,13,40,4
1643,821,1,13,41,1
1644,770,1,13,42,1
1645,739,1,13,42,2
1646,721,1,13,42,3
1647,700,1,13,43,1
1648,4119,1,13,44,1
1649,646,1,13,44,2
1650,623,1,13,44,3
1651,586,1,13,44,4
1652,529,1,13,44,5
1653,516,1,13,45,1
1654,485,1,13,46,1
1655,451,1,13,47,1
1656,428,1,13,47,2
1657,394,1,13,47,3
1658,369,1,13,47,4
1659,374,1,13,47,5
1660,344,1,13,48,1
1661,274,1,13,49,1
1662,263,1,13,49,2
1663,226,1,13,49,3
1664,179,1,13,50,1
1665,154,1,13,50,2
1666,129,1,13,51,1
1667,88,1,13,52,1
1668,62,1,13,52,2
1669,38,1,13,52,3
1670,45,1,13,52,4
1671,4091,1,14,1,1
1672,4067,1,14,1,2
1673,4030,1,14,2,1
1674,4023,1,14,2,2
1675,3998,1,14,2,3
1676,3953,1,14,3,1
1677,3952,1,14,3,2
1678,3903,1,14,3,3
1679,3886,1,14,3,4
1680,3859,1,14,4,1
1681,3822,1,14,5,1
1682,3781,1,14,5,2
1683,3734,1,14,5,3
1684,4128,1,14,5,4
1685,3682,1,14,5,5
1686,3669,1,14,5,6
1687,3637,1,14,6,1
1688,3583,1,14,7,1
1689,3572,1,14,7,2
1690,3560,1,14,7,3
1691,3526,1,14,8,1
1692,3445,1,14,9,1
1693,3425,1,14,9,2
1694,3367,1,14,10,1
1695,3347,1,14,10,2
1696,3321,1,14,11,1
1697,3295,1,14,12,1
1698,3247,1,14,13,1
1699,3221,1,14,13,2
1700,3180,1,14,13,3
1701,3156,1,14,13,4
1702,3096,1,14,14,1
1703,3070,1,14,14,2
1704,3027,1,14,14,3
1705,3007,1,14,15,1
1706,2963,1,14,16,1
1707,2906,1,14,17,1
1708,2878,1,14,18,1
1709,2822,1,14,19,1
1710,2810,1,14,19,2
1711,2761,1,14,19,3
1712,2739,1,14,19,4
1713,2709,1,14,20,1
1714,2694,1,14,20,2
1715,2650,1,14,21,1
1716,2635,1,14,21,2
1717,2590,1,14,22,1
1718,2559,1,14,22,2
1719,2524,1,14,22,3
1720,2508,1,14,22,4
1721,2482,1,14,22,5
1722,2425,1,14,23,1
1723,2385,1,14,24,1
1724,2346,1,14,25,1
1725,2322,1,14,25,2
1726,2282,1,14,26,1
1727,2243,1,14,27,1
1728,2227,1,14,27,2
1729,2198,1,14,27,3
1730,2147,1,14,28,1
1731,2129,1,14,28,2
1732,2112,1,14,28,3
1733,2082,1,14,28,4
1734,2066,1,14,28,5
1735,2041,1,14,29,1
1736,2008,1,14,29,2
1737,1995,1,14,29,3
1738,1966,1,14,29,4
1739,1921,1,14,30,1
1740,1890,1,14,30,2
1741,1879,1,14,30,3
1742,1834,1,14,31,1
1743,1777,1,14,32,1
1744,1751,1,14,32,2
1745,1731,1,14,32,3
1746,1690,1,14,32,4
1747,1658,1,14,32,5
1748,1620,1,14,33,1
1749,1591,1,14,33,2
1750,1546,1,14,33,3
1751,1510,1,14,34,1
1752,1477,1,14,35,1
1753,1465,1,14,35,2
1754,1426,1,14,35,3
1755,1389,1,14,36,1
1756,1351,1,14,37,1
1757,1311,1,14,37,2
1758,1269,1,14,37,3
1759,1251,1,14,37,4
1760,1228,1,14,37,5
1761,1180,1,14,38,1
1762,1159,1,14,38,2
1763,1160,1,14,38,3
1764,1150,1,14,38,4
1765,1121,1,14,39,1
1766,1087,1,14,40,1
1767,1063,1,14,40,2
1768,1037,1,14,40,3
1769,1015,1,14,40,4
1770,995,1,14,41,1
1771,972,1,14,41,2
1772,925,1,14,42,1
1773,865,1,14,43,1
1774,850,1,14,43,2
1775,835,1,14,43,3
1776,774,1,14,44,1
1777,733,1,14,44,2
1778,685,1,14,45,1
1779,670,1,14,46,1
1780,622,1,14,46,2
1781,598,1,14,47,1
1782,578,1,14,48,1
1783,508,1,14,49,1
1784,499,1,14,49,2
1785,477,1,14,49,3
1786,449,1,14,50,1
1787,379,1,14,51,1
1788,350,1,14,51,2
1789,334,1,14,51,3
1790,298,1,14,52,1
1791,252,1,14,52,2
1792,234,1,14,52,3
1793,208,1,14,52,4
1794,185,1,14,53,1
1795,163,1,14,54,1
1796,124,1,14,54,2
1797,72,1,14,55,1
1798,43,1,14,55,2
1799,24,1,14,56,1
1800,4110,1,15,1,1
1801,4080,1,15,2,1
1802,4060,1,15,2,2
1803,4034,1,15,2,3
1804,4021,1,15,2,4
1805,4009,1,15,2,5
1806,3965,1,15,3,1
1807,3951,1,15,3,2
1808,3948,1,15,3,3
1809,3931,1,15,3,4
1810,3904,1,15,4,1
1811,3869,1,15,5,1
1812,3848,1,15,6,1
1813,3791,1,15,7,1
1814,3763,1,15,7,2
1815,3710,1,15,8,1
1816,3699,1,15,8,2
1817,3671,1,15,8,3
1818,3638,1,15,9,1
1819,3601,1,15,10,1
1820,3553,1,15,10,2
1821,3548,1,15,10,3
1822,3520,1,15,10,4
1823,3454,1,15,11,1
1824,3413,1,15,11,2
1825,3350,1,15,12,1
1826,3293,1,15,13,1
1827,3256,1,15,13,2
1828,3217,1,15,13,3
1829,3204,1,15,13,4
1830,3185,1,15,13,5
1831,3093,1,15,14,1
1832,3071,1,15,14,2
1833,3048,1,15,14,3
1834,2984,1,15,15,1
1835,2922,1,15,16,1
1836,2898,1,15,16,2
1837,2852,1,15,16,3
1838,2809,1,15,17,1
1839,2756,1,15,18,1
1840,2732,1,15,18,2
1841,2682,1,15,18,3
1842,2661,1,15,18,4
1843,2611,1,15,19,1
1844,2610,1,15,19,2
1845,2579,1,15,19,3
1846,2550,1,15,19,4
1847,2494,1,15,20,1
1848,2454,1,15,20,2
1849,2437,1,15,20,3
1850,2391,1,15,20,4
1851,2343,1,15,20,5
1852,2311,1,15,20,6
1853,2298,1,15,20,7
1854,2271,1,15,21,1
1855,2244,1,15,22,1
1856,2206,1,15,22,2
1857,2189,1,15,22,3
1858,2161,1,15,23,1
1859,2127,1,15,23,2
1860,2116,1,15,23,3
1861,2058,1,15,23,4
1862,1922,1,15,24,1
1863,1954,1,15,25,1
1864,1928,1,15,25,2
1865,1894,1,15,25,3
1866,1838,1,15,25,4
1867,1808,1,15,25,5
1868,1774,1,15,26,1
1869,1742,1,15,27,1
1870,1714,1,15,27,2
1871,1688,1,15,27,3
1872,1665,1,15,27,4
1873,1649,1,15,27,5
1874,1632,1,15,28,1
1875,1573,1,15,29,1
1876,1557,1,15,29,2
1877,1538,1,15,29,3
1878,1501,1,15,30,1
1879,1463,1,15,30,2
1880,1444,1,15,30,3
1881,1393,1,15,31,1
1882,1339,1,15,31,2
1883,1203,1,15,32,1
1884,1253,1,15,33,1
1885,1222,1,15,33,2
1886,1189,1,15,34,1
1887,1139,1,15,35,1
1888,1137,1,15,35,2
1889,1086,1,15,35,3
1890,1071,1,15,35,4
1891,1045,1,15,35,5
1892,1023,1,15,35,6
1893,981,1,15,36,1
1894,952,1,15,37,1
1895,950,1,15,38,1
1896,904,1,15,39,1
1897,881,1,15,40,1
1898,856,1,15,41,1
1899,839,1,15,41,2
1900,784,1,15,42,1
1901,758,1,15,42,2
1902,711,1,15,43,1
1903,686,1,15,43,2
1904,661,1,15,44,1
1905,626,1,15,45,1
1906,628,1,15,45,2
1907,607,1,15,45,3
1908,580,1,15,45,4
1909,524,1,15,46,1
1910,498,1,15,46,2
1911,468,1,15,47,1
1912,440,1,15,48,1
1913,407,1,15,48,2
1914,373,1,15,48,3
1915,329,1,15,48,4
1916,307,1,15,49,1
1917,269,1,15,49,2
1918,239,1,15,50,1
1919,219,1,15,51,1
1920,197,1,15,52,1
1921,151,1,15,52,2
1922,126,1,15,52,3
1923,78,1,15,53,1
1924,73,1,15,53,2
1925,55,1,15,53,3
1926,44,1,15,53,4
1927,4118,1,16,1,1
1928,4107,1,16,2,1
1929,4104,1,16,2,2
1930,4077,1,16,3,1
1931,4056,1,16,4,1
1932,4031,1,16,4,2
1933,4012,1,16,4,3
1934,3997,1,16,4,4
1935,3981,1,16,4,5
1936,3937,1,16,5,1
1937,3898,1,16,5,2
1938,3873,1,16,6,1
1939,3845,1,16,6,2
1940,3819,1,16,6,3
1941,3780,1,16,7,1
1942,3743,1,16,7,2
1943,3735,1,16,7,3
1944,3673,1,16,8,1
1945,3617,1,16,9,1
1946,3578,1,16,10,1
1947,3566,1,16,10,2
1948,3532,1,16,11,1
1949,3475,1,16,12,1
1950,3486,1,16,12,2
1951,3416,1,16,12,3
1952,3426,1,16,12,4
1953,3389,1,16,12,5
1954,3357,1,16,13,1
1955,3309,1,16,14,1
1956,3285,1,16,14,2
1957,3271,1,16,14,3
1958,3259,1,16,14,4
1959,3225,1,16,15,1
1960,3170,1,16,16,1
1961,3138,1,16,16,2
1962,3111,1,16,16,3
1963,3091,1,16,16,4
1964,3063,1,16,17,1
1965,3036,1,16,18,1
1966,3017,1,16,19,1
1967,2981,1,16,19,2
1968,2953,1,16,19,3
1969,2917,1,16,19,4
1970,2902,1,16,19,5
1971,2883,1,16,19,6
1972,2820,1,16,20,1
1973,2766,1,16,21,1
1974,2740,1,16,21,2
1975,2710,1,16,22,1
1976,2671,1,16,23,1
1977,2615,1,16,23,2
1978,2589,1,16,23,3
1979,2574,1,16,23,4
1980,2539,1,16,24,1
1981,2483,1,16,25,1
1982,2464,1,16,25,2
1983,2450,1,16,25,3
1984,2409,1,16,25,4
1985,2358,1,16,26,1
1986,2344,1,16,26,2
1987,2293,1,16,27,1
1988,2281,1,16,28,1
1989,2253,1,16,28,2
1990,2239,1,16,28,3
1991,2218,1,16,28,4
1992,2152,1,16,29,1
1993,2140,1,16,29,2
1994,2117,1,16,30,1
1995,2057,1,16,31,1
1996,2042,1,16,31,2
1997,2001,1,16,31,3
1998,1822,1,16,32,1
1999,1906,1,16,33,1
2000,1872,1,16,33,2
2001,1839,1,16,33,3
2002,1788,1,16,33,4
2003,1758,1,16,33,5
2004,1696,1,16,34,1
2005,1683,1,16,34,2
2006,1613,1,16,35,1
2007,1588,1,16,35,2
2008,1570,1,16,35,3
2009,1549,1,16,35,4
2010,1532,1,16,35,5
2011,1460,1,16,36,1
2012,1405,1,16,36,2
2013,1373,1,16,37,1
2014,1320,1,16,38,1
2015,1305,1,16,38,2
2016,1278,1,16,38,3
2017,1247,1,16,39,1
2018,1215,1,16,40,1
2019,1161,1,16,41,1
2020,1135,1,16,41,2
2021,1098,1,16,42,1
2022,1084,1,16,43,1
2023,1016,1,16,43,2
2024,1000,1,16,43,3
2025,964,1,16,43,4
2026,919,1,16,44,1
2027,893,1,16,45,1
2028,4121,1,16,46,1
2029,803,1,16,47,1
2030,787,1,16,47,2
2031,736,1,16,48,1
2032,723,1,16,49,1
2033,690,1,16,49,2
2034,672,1,16,49,3
2035,647,1,16,49,4
2036,575,1,16,50,1
2037,557,1,16,50,2
2038,531,1,16,50,3
2039,514,1,16,51,1
2040,487,1,16,51,2
2041,473,1,16,51,3
2042,445,1,16,51,4
2043,421,1,16,51,5
2044,413,1,16,51,6
2045,375,1,16,51,7
2046,358,1,16,51,8
2047,314,1,16,52,1
2048,299,1,16,53,1
2049,261,1,16,53,2
2050,243,1,16,54,1
2051,194,1,16,54,2
2052,172,1,16,54,3
2053,140,1,16,54,4
2054,133,1,16,55,1
2055,107,1,16,56,1
2056,60,1,16,57,1
2057,39,1,16,57,2
2058,4097,1,17,1,1
2059,4081,1,17,1,2
2060,4049,1,17,1,3
2061,4004,1,17,2,1
2062,3982,1,17,3,1
2063,3968,1,17,3,2
2064,3941,1,17,4,1
2065,3927,1,17,5,1
2066,3878,1,17,5,2
2067,3850,1,17,5,3
2068,3812,1,17,5,4
2069,3797,1,17,5,5
2070,3774,1,17,5,6
2071,3738,1,17,6,1
2072,3700,1,17,6,2
2073,3676,1,17,6,3
2074,3662,1,17,6,4
2075,3640,1,17,7,1
2076,3602,1,17,7,2
2077,3577,1,17,8,1
2078,3558,1,17,8,2
2079,3507,1,17,9,1
2080,3456,1,17,10,1
2081,3439,1,17,11,1
2082,3404,1,17,11,2
2083,3392,1,17,11,3
2084,3369,1,17,11,4
2085,3312,1,17,12,1
2086,3252,1,17,13,1
2087,3226,1,17,13,2
2088,3158,1,17,14,1
2089,3120,1,17,14,2
2090,3082,1,17,15,1
2091,3051,1,17,15,2
2092,3024,1,17,15,3
2093,2985,1,17,16,1
2094,2950,1,17,16,2
2095,2942,1,17,16,3
2096,2912,1,17,16,4
2097,2892,1,17,17,1
2098,2870,1,17,18,1
2099,2861,1,17,18,2
2100,2842,1,17,18,3
2101,2816,1,17,19,1
2102,2773,1,17,20,1
2103,2736,1,17,20,2
2104,2731,1,17,20,3
2105,2706,1,17,20,4
2106,2657,1,17,21,1
2107,2631,1,17,22,1
2108,2609,1,17,22,2
2109,2578,1,17,23,1
2110,2563,1,17,24,1
2111,2502,1,17,24,2
2112,2476,1,17,24,3
2113,2423,1,17,24,4
2114,2412,1,17,24,5
2115,2395,1,17,24,6
2116,2319,1,17,25,1
2117,2264,1,17,25,2
2118,2230,1,17,26,1
2119,2177,1,17,27,1
2120,2138,1,17,28,1
2121,2099,1,17,29,1
2122,2087,1,17,29,2
2123,2088,1,17,29,3
2124,2029,1,17,30,1
2125,2014,1,17,30,2
2126,1963,1,17,30,3
2127,1901,1,17,31,1
2128,1865,1,17,31,2
2129,1825,1,17,32,1
2130,1767,1,17,33,1
2131,1759,1,17,33,2
2132,1732,1,17,33,3
2133,1663,1,17,34,1
2134,1651,1,17,35,1
2135,1603,1,17,35,2
2136,1582,1,17,35,3
2137,1554,1,17,36,1
2138,1530,1,17,36,2
2139,1490,1,17,37,1
2140,1462,1,17,38,1
2141,1423,1,17,38,2
2142,1398,1,17,38,3
2143,1382,1,17,38,4
2144,1340,1,17,39,1
2145,1287,1,17,40,1
2146,1274,1,17,40,2
2147,1248,1,17,40,3
2148,1205,1,17,41,1
2149,1184,1,17,41,2
2150,1163,1,17,41,3
2151,1118,1,17,42,1
2152,1099,1,17,42,2
2153,1073,1,17,42,3
2154,1055,1,17,42,4
2155,998,1,17,43,1
2156,938,1,17,44,1
2157,889,1,17,44,2
2158,860,1,17,45,1
2159,822,1,17,46,1
2160,805,1,17,46,2
2161,783,1,17,46,3
2162,768,1,17,46,4
2163,748,1,17,46,5
2164,703,1,17,46,6
2165,688,1,17,46,7
2166,639,1,17,47,1
2167,576,1,17,48,1
2168,558,1,17,48,2
2169,545,1,17,48,3
2170,494,1,17,49,1
2171,433,1,17,50,1
2172,432,1,17,50,2
2173,389,1,17,50,3
2174,348,1,17,50,4
2175,336,1,17,50,5
2176,312,1,17,51,1
2177,282,1,17,52,1
2178,240,1,17,53,1
2179,210,1,17,54,1
2180,153,1,17,55,1
2181,136,1,17,55,2
2182,100,1,17,56,1
2183,67,1,17,56,2
2184,33,1,17,56,3
2185,4117,1,18,1,1
2186,4105,1,18,1,2
2187,4095,1,18,1,3
2188,4078,1,18,1,4
2189,4061,1,18,2,1
2190,4043,1,18,3,1
2191,4025,1,18,4,1
2192,3989,1,18,4,2
2193,3979,1,18,4,3
2194,3959,1,18,5,1
2195,3935,1,18,6,1
2196,3913,1,18,6,2
2197,3879,1,18,7,1
2198,3837,1,18,8,1
2199,3810,1,18,9,1
2200,3775,1,18,9,2
2201,3747,1,18,9,3
2202,3704,1,18,9,4
2203,3683,1,18,9,5
2204,3659,1,18,10,1
2205,3635,1,18,11,1
2206,3605,1,18,12,1
2207,3569,1,18,12,2
2208,3550,1,18,12,3
2209,3536,1,18,12,4
2210,3500,1,18,13,1
2211,3470,1,18,14,1
2212,3428,1,18,15,1
2213,3409,1,18,15,2
2214,3380,1,18,15,3
2215,3361,1,18,16,1
2216,3319,1,18,16,2
2217,3307,1,18,16,3
2218,3284,1,18,16,4
2219,3266,1,18,17,1
2220,3248,1,18,17,2
2221,3098,1,18,18,1
2222,3129,1,18,19,1
2223,3085,1,18,20,1
2224,3057,1,18,20,2
2225,3028,1,18,20,3
2226,2992,1,18,21,1
2227,2958,1,18,21,2
2228,2934,1,18,22,1
2229,2890,1,18,22,2
2230,2871,1,18,22,3
2231,2829,1,18,23,1
2232,2795,1,18,23,2
2233,2778,1,18,23,3
2234,2757,1,18,23,4
2235,2714,1,18,24,1
2236,2695,1,18,24,2
2237,2670,1,18,25,1
2238,2622,1,18,26,1
2239,2634,1,18,26,2
2240,2598,1,18,26,3
2241,2556,1,18,27,1
2242,2538,1,18,27,2
2243,2512,1,18,27,3
2244,2481,1,18,27,4
2245,2462,1,18,27,5
2246,2415,1,18,28,1
2247,2378,1,18,29,1
2248,2362,1,18,29,2
2249,2327,1,18,29,3
2250,2301,1,18,29,4
2251,2246,1,18,30,1
2252,2212,1,18,30,2
2253,2201,1,18,30,3
2254,2172,1,18,30,4
2255,2131,1,18,31,1
2256,2119,1,18,31,2
2257,2089,1,18,31,3
2258,2053,1,18,31,4
2259,2009,1,18,32,1
2260,1991,1,18,32,2
2261,1938,1,18,33,1
2262,1913,1,18,33,2
2263,1891,1,18,33,3
2264,1849,1,18,34,1
2265,1829,1,18,34,2
2266,1780,1,18,35,1
2267,1763,1,18,35,2
2268,1744,1,18,35,3
2269,1709,1,18,36,1
2270,1705,1,18,36,2
2271,1659,1,18,37,1
2272,1618,1,18,38,1
2273,1610,1,18,38,2
2274,1566,1,18,38,3
2275,1528,1,18,38,4
2276,1476,1,18,39,1
2277,1433,1,18,40,1
2278,1387,1,18,41,1
2279,1349,1,18,41,2
2280,1335,1,18,41,3
2281,1329,1,18,41,4
2282,1282,1,18,42,1
2283,1265,1,18,42,2
2284,1238,1,18,42,3
2285,1211,1,18,43,1
2286,1149,1,18,44,1
2287,1133,1,18,45,1
2288,1101,1,18,46,1
2289,1070,1,18,47,1
2290,1025,1,18,48,1
2291,986,1,18,49,1
2292,957,1,18,49,2
2293,942,1,18,49,3
2294,895,1,18,50,1
2295,876,1,18,50,2
2296,857,1,18,50,3
2297,826,1,18,50,4
2298,790,1,18,51,1
2299,730,1,18,52,1
2300,673,1,18,52,2
2301,659,1,18,52,3
2302,632,1,18,52,4
2303,608,1,18,52,5
2304,547,1,18,53,1
2305,504,1,18,54,1
2306,466,1,18,54,2
2307,438,1,18,54,3
2308,388,1,18,55,1
2309,319,1,18,56,1
2310,295,1,18,56,2
2311,256,1,18,56,3
2312,232,1,18,56,4
2313,199,1,18,57,1
2314,161,1,18,57,2
2315,103,1,18,58,1
2316,76,1,18,59,1
2317,51,1,18,60,1
2318,16,1,18,61,1
2319,4116,1,19,1,1
2320,4103,1,19,1,2
2321,4098,1,19,1,3
2322,4079,1,19,1,4
2323,4066,1,19,1,5
2324,4057,1,19,1,6
2325,4033,1,19,2,1
2326,4015,1,19,3,1
2327,3986,1,19,3,2
2328,3954,1,19,3,3
2329,3920,1,19,3,4
2330,3910,1,19,3,5
2331,3874,1,19,4,1
2332,3825,1,19,5,1
2333,3813,1,19,6,1
2334,3769,1,19,6,2
2335,3799,1,19,6,3
2336,3732,1,19,7,1
2337,3720,1,19,7,2
2338,3688,1,19,8,1
2339,3650,1,19,9,1
2340,3623,1,19,9,2
2341,3606,1,19,9,3
2342,3579,1,19,9,4
2343,3547,1,19,10,1
2344,3540,1,19,10,2
2345,3529,1,19,10,3
2346,3485,1,19,11,1
2347,3452,1,19,11,2
2348,3408,1,19,12,1
2349,3341,1,19,13,1
2350,3282,1,19,14,1
2351,3236,1,19,15,1
2352,3187,1,19,16,1
2353,3172,1,19,16,2
2354,3133,1,19,17,1
2355,3106,1,19,18,1
2356,3055,1,19,19,1
2357,3032,1,19,20,1
2358,2989,1,19,20,2
2359,2956,1,19,20,3
2360,2937,1,19,20,4
2361,2903,1,19,21,1
2362,2845,1,19,22,1
2363,2834,1,19,22,2
2364,2815,1,19,23,1
2365,2796,1,19,24,1
2366,2735,1,19,24,2
2367,2719,1,19,24,3
2368,2678,1,19,24,4
2369,2666,1,19,24,5
2370,2603,1,19,25,1
2371,2573,1,19,25,2
2372,2534,1,19,26,1
2373,2489,1,19,27,1
2374,2475,1,19,27,2
2375,2458,1,19,27,3
2376,2387,1,19,28,1
2377,2316,1,19,28,2
2378,2275,1,19,28,3
2379,2272,1,19,28,4
2380,2207,1,19,29,1
2381,2163,1,19,29,2
2382,2135,1,19,29,3
2383,2016,1,19,30,1
2384,4123,1,19,31,1
2385,2019,1,19,31,2
2386,1976,1,19,31,3
2387,1967,1,19,31,4
2388,1941,1,19,31,5
2389,1926,1,19,31,6
2390,1880,1,19,32,1
2391,1817,1,19,33,1
2392,1778,1,19,34,1
2393,1750,1,19,34,2
2394,1725,1,19,34,3
2395,1710,1,19,35,1
2396,1675,1,19,36,1
2397,1666,1,19,37,1
2398,1601,1,19,38,1
2399,1589,1,19,38,2
2400,1564,1,19,38,3
2401,1497,1,19,39,1
2402,1480,1,19,39,2
2403,1459,1,19,39,3
2404,1409,1,19,40,1
2405,1352,1,19,41,1
2406,1299,1,19,42,1
2407,1272,1,19,42,2
2408,1178,1,19,43,1
2409,1126,1,19,44,1
2410,1100,1,19,44,2
2411,1062,1,19,45,1
2412,1040,1,19,45,2
2413,997,1,19,45,3
2414,1006,1,19,45,4
2415,947,1,19,46,1
2416,897,1,19,47,1
2417,878,1,19,47,2
2418,864,1,19,47,3
2419,830,1,19,47,4
2420,813,1,19,48,1
2421,776,1,19,49,1
2422,759,1,19,49,2
2423,722,1,19,49,3
2424,691,1,19,50,1
2425,650,1,19,50,2
2426,637,1,19,50,3
2427,616,1,19,50,4
2428,551,1,19,51,1
2429,536,1,19,51,2
2430,510,1,19,51,3
2431,462,1,19,52,1
2432,426,1,19,52,2
2433,424,1,19,52,3
2434,401,1,19,52,4
2435,390,1,19,52,5
2436,362,1,19,53,1
2437,301,1,19,54,1
2438,259,1,19,54,2
2439,246,1,19,54,3
2440,215,1,19,55,1
2441,174,1,19,55,2
2442,155,1,19,55,3
2443,128,1,19,56,1
2444,84,1,19,57,1
2445,58,1,19,57,2
2446,29,1,19,57,3
2447,4115,1,20,1,1
2448,4092,1,20,1,2
2449,4055,1,20,1,3
2450,4054,1,20,1,4
2451,4035,1,20,1,5
2452,4016,1,20,2,1
2453,3999,1,20,2,2
2454,3985,1,20,2,3
2455,3962,1,20,2,4
2456,3907,1,20,3,1
2457,3891,1,20,3,2
2458,3872,1,20,3,3
2459,3816,1,20,4,1
2460,3782,1,20,4,2
2461,3777,1,20,4,3
2462,3744,1,20,4,4
2463,3728,1,20,4,5
2464,3712,1,20,5,1
2465,3656,1,20,5,2
2466,3609,1,20,5,3
2467,3596,1,20,5,4
2468,3549,1,20,6,1
2469,3527,1,20,6,2
2470,3482,1,20,6,3
2471,3459,1,20,6,4
2472,3398,1,20,6,5
2473,3384,1,20,6,6
2474,3344,1,20,7,1
2475,3327,1,20,7,2
2476,3290,1,20,7,3
2477,3261,1,20,8,1
2478,3214,1,20,8,2
2479,3198,1,20,8,3
2480,3166,1,20,9,1
2481,3128,1,20,10,1
2482,3109,1,20,10,2
2483,3078,1,20,10,3
2484,3080,1,20,10,4
2485,3018,1,20,11,1
2486,3009,1,20,11,2
2487,2983,1,20,11,3
2488,2941,1,20,12,1
2489,2911,1,20,13,1
2490,2884,1,20,13,2
2491,2847,1,20,13,3
2492,2854,1,20,13,4
2493,2799,1,20,14,1
2494,2759,1,20,15,1
2495,2721,1,20,15,2
2496,2703,1,20,15,3
2497,2638,1,20,16,1
2498,2637,1,20,17,1
2499,2602,1,20,18,1
2500,2586,1,20,18,2
2501,2572,1,20,18,3
2502,2531,1,20,18,4
2503,2493,1,20,19,1
2504,2477,1,20,19,2
2505,2426,1,20,20,1
2506,2379,1,20,20,2
2507,2352,1,20,20,3
2508,2309,1,20,21,1
2509,2277,1,20,22,1
2510,2241,1,20,23,1
2511,2221,1,20,23,2
2512,2193,1,20,23,3
2513,2195,1,20,23,4
2514,2111,1,20,24,1
2515,2096,1,20,25,1
2516,2055,1,20,26,1
2517,1992,1,20,27,1
2518,1939,1,20,28,1
2519,1892,1,20,28,2
2520,1887,1,20,28,3
2521,1853,1,20,29,1
2522,1836,1,20,30,1
2523,1795,1,20,30,2
2524,1762,1,20,30,3
2525,1726,1,20,30,4
2526,1718,1,20,30,5
2527,1670,1,20,31,1
2528,1621,1,20,32,1
2529,1590,1,20,33,1
2530,1539,1,20,33,2
2531,1523,1,20,33,3
2532,1474,1,20,34,1
2533,1429,1,20,35,1
2534,1367,1,20,36,1
2535,1300,1,20,37,1
2536,1281,1,20,37,2
2537,1229,1,20,37,3
2538,1193,1,20,38,1
2539,1146,1,20,39,1
2540,1115,1,20,39,2
2541,1090,1,20,39,3
2542,1042,1,20,40,1
2543,1013,1,20,41,1
2544,948,1,20,42,1
2545,928,1,20,42,2
2546,898,1,20,43,1
2547,892,1,20,43,2
2548,866,1,20,44,1
2549,824,1,20,45,1
2550,807,1,20,45,2
2551,773,1,20,45,3
2552,740,1,20,46,1
2553,696,1,20,47,1
2554,4120,1,20,47,2
2555,663,1,20,47,3
2556,627,1,20,48,1
2557,599,1,20,48,2
2558,589,1,20,48,3
2559,588,1,20,48,4
2560,579,1,20,48,5
2561,532,1,20,49,1
2562,491,1,20,50,1
2563,467,1,20,50,2
2564,456,1,20,50,3
2565,417,1,20,50,4
2566,386,1,20,51,1
2567,323,1,20,52,1
2568,327,1,20,52,2
2569,284,1,20,52,3
2570,264,1,20,52,4
2571,230,1,20,53,1
2572,169,1,20,54,1
2573,167,1,20,54,2
2574,134,1,20,54,3
2575,96,1,20,55,1
2576,70,1,20,56,1
2577,31,1,20,57,1
2578,20,1,20,57,2
2579,4113,1,21,1,1
2580,4100,1,21,2,1
2581,4069,1,21,2,2
2582,4070,1,21,2,3
2583,4036,1,21,2,4
2584,4020,1,21,2,5
2585,3994,1,21,3,1
2586,3971,1,21,3,2
2587,3936,1,21,4,1
2588,3896,1,21,5,1
2589,3888,1,21,5,2
2590,3881,1,21,5,3
2591,3823,1,21,6,1
2592,3776,1,21,7,1
2593,3740,1,21,7,2
2594,3725,1,21,7,3
2595,3690,1,21,8,1
2596,3647,1,21,8,2
2597,3634,1,21,8,3
2598,3592,1,21,9,1
2599,3568,1,21,10,1
2600,3513,1,21,10,2
2601,3489,1,21,10,3
2602,3453,1,21,10,4
2603,3377,1,21,11,1
2604,3353,1,21,11,2
2605,3310,1,21,11,3
2606,3274,1,21,12,1
2607,3238,1,21,12,2
2608,3189,1,21,12,3
2609,3165,1,21,12,4
2610,3113,1,21,13,1
2611,3072,1,21,13,2
2612,3068,1,21,13,3
2613,3014,1,21,14,1
2614,2998,1,21,14,2
2615,2949,1,21,15,1
2616,2905,1,21,16,1
2617,2908,1,21,16,2
2618,2843,1,21,17,1
2619,2830,1,21,17,2
2620,2777,1,21,18,1
2621,2741,1,21,18,2
2622,2677,1,21,19,1
2623,2644,1,21,19,2
2624,2595,1,21,20,1
2625,2564,1,21,21,1
2626,2520,1,21,21,2
2627,2455,1,21,21,3
2628,2430,1,21,21,4
2629,2400,1,21,22,1
2630,2364,1,21,22,2
2631,2306,1,21,23,1
2632,2283,1,21,23,2
2633,2262,1,21,24,1
2634,2231,1,21,25,1
2635,2219,1,21,25,2
2636,2175,1,21,25,3
2637,2137,1,21,26,1
2638,2103,1,21,27,1
2639,2079,1,21,27,2
2640,2062,1,21,27,3
2641,2036,1,21,28,1
2642,2020,1,21,29,1
2643,1964,1,21,29,2
2644,1924,1,21,29,3
2645,1875,1,21,29,4
2646,1862,1,21,29,5
2647,1799,1,21,30,1
2648,1773,1,21,30,2
2649,1755,1,21,30,3
2650,1730,1,21,30,4
2651,1682,1,21,31,1
2652,1637,1,21,31,2
2653,1615,1,21,31,3
2654,1584,1,21,32,1
2655,1516,1,21,33,1
2656,1499,1,21,33,2
2657,1438,1,21,34,1
2658,1402,1,21,34,2
2659,1401,1,21,34,3
2660,1342,1,21,35,1
2661,1322,1,21,36,1
2662,1293,1,21,36,2
2663,1221,1,21,37,1
2664,1209,1,21,37,2
2665,1167,1,21,37,3
2666,1106,1,21,38,1
2667,1089,1,21,38,2
2668,1064,1,21,38,3
2669,1026,1,21,38,4
2670,1019,1,21,38,5
2671,980,1,21,38,6
2672,943,1,21,38,7
2673,923,1,21,38,8
2674,869,1,21,38,9
2675,833,1,21,38,10
2676,799,1,21,39,1
2677,777,1,21,40,1
2678,745,1,21,40,2
2679,726,1,21,41,1
2680,710,1,21,42,1
2681,687,1,21,42,2
2682,633,1,21,43,1
2683,609,1,21,43,2
2684,562,1,21,44,1
2685,541,1,21,45,1
2686,509,1,21,45,2
2687,464,1,21,45,3
2688,459,1,21,45,4
2689,420,1,21,46,1
2690,370,1,21,47,1
2691,331,1,21,48,1
2692,311,1,21,48,2
2693,288,1,21,48,3
2694,229,1,21,49,1
2695,184,1,21,49,2
2696,157,1,21,50,1
2697,141,1,21,51,1
2698,91,1,21,51,2
2699,56,1,21,51,3
2700,25,1,21,51,4
2701,17,1,21,51,5
2702,4108,1,22,1,1
2703,4089,1,22,1,2
2704,4065,1,22,2,1
2705,4040,1,22,3,1
2706,4028,1,22,4,1
2707,4010,1,22,4,2
2708,3980,1,22,5,1
2709,3947,1,22,6,1
2710,3925,1,22,6,2
2711,3895,1,22,6,3
2712,3856,1,22,7,1
2713,4131,1,22,7,2
2714,3836,1,22,8,1
2715,3803,1,22,8,2
2716,3785,1,22,8,3
2717,3760,1,22,8,4
2718,3745,1,22,8,5
2719,3707,1,22,9,1
2720,3667,1,22,9,2
2721,3651,1,22,10,1
2722,3585,1,22,11,1
2723,3564,1,22,11,2
2724,3522,1,22,12,1
2725,3494,1,22,12,2
2726,3464,1,22,13,1
2727,3412,1,22,14,1
2728,3390,1,22,15,1
2729,3375,1,22,15,2
2730,3342,1,22,16,1
2731,3316,1,22,17,1
2732,3298,1,22,17,2
2733,3264,1,22,17,3
2734,3231,1,22,18,1
2735,3195,1,22,18,2
2736,3163,1,22,18,3
2737,3144,1,22,18,4
2738,3097,1,22,19,1
2739,3061,1,22,19,2
2740,3026,1,22,20,1
2741,2979,1,22,21,1
2742,2954,1,22,22,1
2743,2920,1,22,23,1
2744,2877,1,22,23,2
2745,2860,1,22,24,1
2746,2808,1,22,25,1
2747,2785,1,22,26,1
2748,2738,1,22,27,1
2749,2707,1,22,27,2
2750,2686,1,22,28,1
2751,2654,1,22,29,1
2752,2627,1,22,30,1
2753,2605,1,22,30,2
2754,2569,1,22,31,1
2755,2529,1,22,32,1
2756,2509,1,22,32,2
2757,2484,1,22,32,3
2758,2448,1,22,33,1
2759,2451,1,22,33,2
2760,2436,1,22,33,3
2761,2383,1,22,34,1
2762,2353,1,22,34,2
2763,2331,1,22,35,1
2764,2265,1,22,36,1
2765,2238,1,22,37,1
2766,2199,1,22,38,1
2767,2165,1,22,38,2
2768,2151,1,22,39,1
2769,2085,1,22,40,1
2770,2070,1,22,40,2
2771,2026,1,22,41,1
2772,1998,1,22,41,2
2773,1971,1,22,42,1
2774,1940,1,22,43,1
2775,1916,1,22,44,1
2776,1888,1,22,44,2
2777,1861,1,22,45,1
2778,1826,1,22,46,1
2779,1813,1,22,46,2
2780,1783,1,22,46,3
2781,1727,1,22,47,1
2782,1700,1,22,48,1
2783,1685,1,22,48,2
2784,1667,1,22,48,3
2785,1650,1,22,48,4
2786,1616,1,22,49,1
2787,1581,1,22,50,1
2788,1550,1,22,50,2
2789,1531,1,22,50,3
2790,1511,1,22,50,4
2791,1502,1,22,50,5
2792,1457,1,22,51,1
2793,1447,1,22,52,1
2794,1424,1,22,52,2
2795,1410,1,22,52,3
2796,1384,1,22,52,4
2797,1375,1,22,52,5
2798,1353,1,22,53,1
2799,1321,1,22,54,1
2800,1277,1,22,55,1
2801,1235,1,22,55,2
2802,1216,1,22,55,3
2803,1197,1,22,55,4
2804,1166,1,22,56,1
2805,1145,1,22,56,2
2806,1125,1,22,56,3
2807,1092,1,22,57,1
2808,1078,1,22,58,1
2809,1057,1,22,58,2
2810,1059,1,22,58,3
2811,1008,1,22,58,4
2812,965,1,22,59,1
2813,936,1,22,60,1
2814,920,1,22,60,2
2815,885,1,22,60,3
2816,825,1,22,61,1
2817,810,1,22,61,2
2818,765,1,22,61,3
2819,719,1,22,62,1
2820,702,1,22,62,2
2821,674,1,22,62,3
2822,642,1,22,62,4
2823,631,1,22,62,5
2824,606,1,22,62,6
2825,573,1,22,62,7
2826,550,1,22,62,8
2827,511,1,22,62,9
2828,482,1,22,62,10
2829,454,1,22,63,1
2830,434,1,22,64,1
2831,392,1,22,64,2
2832,391,1,22,65,1
2833,367,1,22,66,1
2834,349,1,22,66,2
2835,305,1,22,67,1
2836,287,1,22,67,2
2837,242,1,22,68,1
2838,235,1,22,69,1
2839,203,1,22,69,2
2840,165,1,22,69,3
2841,159,1,22,69,4
2842,121,1,22,70,1
2843,83,1,22,71,1
2844,47,1,22,72,1
2845,30,1,22,72,2
2846,14,1,22,72,3
2847,4112,1,23,1,1
2848,4102,1,23,1,2
2849,4096,1,23,1,3
2850,4064,1,23,2,1
2851,4046,1,23,3,1
2852,4045,1,23,3,2
2853,4014,1,23,4,1
2854,4000,1,23,4,2
2855,3972,1,23,4,3
2856,3946,1,23,4,4
2857,3940,1,23,4,5
2858,3909,1,23,4,6
2859,3880,1,23,4,7
2860,3861,1,23,4,8
2861,3824,1,23,4,9
2862,3790,1,23,4,10
2863,3737,1,23,5,1
2864,3675,1,23,6,1
2865,3631,1,23,6,2
2866,3594,1,23,6,3
2867,3531,1,23,6,4
2868,3501,1,23,7,1
2869,3484,1,23,8,1
2870,3429,1,23,9,1
2871,3388,1,23,10,1
2872,3343,1,23,11,1
2873,3324,1,23,11,2
2874,3296,1,23,11,3
2875,3257,1,23,11,4
2876,3222,1,23,11,5
2877,3191,1,23,11,6
2878,3169,1,23,11,7
2879,3121,1,23,11,8
2880,3083,1,23,11,9
2881,3041,1,23,12,1
2882,3010,1,23,12,2
2883,2975,1,23,13,1
2884,2947,1,23,13,2
2885,2899,1,23,14,1
2886,2856,1,23,14,2
2887,2827,1,23,14,3
2888,2781,1,23,15,1
2889,2754,1,23,15,2
2890,2715,1,23,16,1
2891,2684,1,23,17,1
2892,2662,1,23,17,2
2893,2628,1,23,17,3
2894,2593,1,23,18,1
2895,2581,1,23,19,1
2896,2562,1,23,19,2
2897,2528,1,23,20,1
2898,2505,1,23,21,1
2899,2501,1,23,21,2
2900,2468,1,23,21,3
2901,2461,1,23,21,4
2902,2419,1,23,22,1
2903,2386,1,23,23,1
2904,2357,1,23,24,1
2905,2354,1,23,24,2
2906,2323,1,23,25,1
2907,2310,1,23,25,2
2908,2287,1,23,25,3
2909,2258,1,23,25,4
2910,2217,1,23,26,1
2911,2216,1,23,26,2
2912,2180,1,23,26,3
2913,2149,1,23,26,4
2914,2126,1,23,27,1
2915,2093,1,23,28,1
2916,2076,1,23,29,1
2917,2031,1,23,29,2
2918,1997,1,23,29,3
2919,1965,1,23,29,4
2920,1957,1,23,29,5
2921,1932,1,23,30,1
2922,1889,1,23,30,2
2923,1848,1,23,30,3
2924,1816,1,23,30,4
2925,1806,1,23,30,5
2926,1764,1,23,31,1
2927,1733,1,23,32,1
2928,4122,1,23,33,1
2929,1686,1,23,33,2
2930,1654,1,23,33,3
2931,1630,1,23,34,1
2932,1585,1,23,35,1
2933,1551,1,23,35,2
2934,1540,1,23,35,3
2935,1506,1,23,35,4
2936,1485,1,23,36,1
2937,1461,1,23,37,1
2938,1445,1,23,38,1
2939,1403,1,23,38,2
2940,1369,1,23,38,3
2941,1330,1,23,38,4
2942,1324,1,23,38,5
2943,1267,1,23,39,1
2944,1231,1,23,40,1
2945,1199,1,23,40,2
2946,1183,1,23,41,1
2947,1157,1,23,42,1
2948,1114,1,23,43,1
2949,1082,1,23,43,2
2950,1036,1,23,44,1
2951,992,1,23,45,1
2952,955,1,23,45,2
2953,941,1,23,45,3
2954,915,1,23,45,4
2955,875,1,23,46,1
2956,844,1,23,46,2
2957,818,1,23,47,1
2958,767,1,23,48,1
2959,751,1,23,48,2
2960,706,1,23,49,1
2961,680,1,23,49,2
2962,653,1,23,50,1
2963,620,1,23,51,1
2964,597,1,23,51,2
2965,561,1,23,51,3
2966,544,1,23,51,4
2967,523,1,23,52,1
2968,502,1,23,53,1
2969,488,1,23,54,1
2970,452,1,23,54,2
2971,441,1,23,54,3
2972,365,1,23,54,4
2973,347,1,23,55,1
2974,300,1,23,55,2
2975,260,1,23,55,3
2976,218,1,23,55,4
2977,182,1,23,56,1
2978,146,1,23,57,1
2979,130,1,23,57,2
2980,97,1,23,58,1
2981,65,1,23,59,1
2982,19,1,23,60,1
2983,11,1,23,60,2
2984,4114,1,24,1,1
2985,4106,1,24,1,2
2986,4094,1,24,1,3
2987,4058,1,24,2,1
2988,4039,1,24,2,2
2989,4005,1,24,3,1
2990,3990,1,24,3,2
2991,3976,1,24,3,3
2992,3955,1,24,3,4
2993,3944,1,24,3,5
2994,3887,1,24,4,1
2995,3877,1,24,4,2
2996,3851,1,24,4,3
2997,3838,1,24,4,4
2998,3800,1,24,5,1
2999,3786,1,24,5,2
3000,3770,1,24,5,3
3001,3718,1,24,6,1
3002,3692,1,24,7,1
3003,3668,1,24,8,1
3004,3610,1,24,9,1
3005,3554,1,24,10,1
3006,3499,1,24,11,1
3007,3440,1,24,12,1
3008,3427,1,24,12,2
3009,3401,1,24,12,3
3010,3360,1,24,13,1
3011,3317,1,24,14,1
3012,3311,1,24,15,1
3013,3270,1,24,16,1
3014,3239,1,24,17,1
3015,3140,1,24,18,1
3016,3182,1,24,19,1
3017,3136,1,24,20,1
3018,3134,1,24,20,2
3019,3115,1,24,20,3
3020,3075,1,24,21,1
3021,3058,1,24,21,2
3022,3023,1,24,21,3
3023,2996,1,24,22,1
3024,2955,1,24,23,1
3025,2943,1,24,23,2
3026,2919,1,24,23,3
3027,2895,1,24,23,4
3028,2866,1,24,24,1
3029,2825,1,24,25,1
3030,2812,1,24,25,2
3031,2787,1,24,25,3
3032,2750,1,24,26,1
3033,2699,1,24,27,1
3034,2679,1,24,27,2
3035,2665,1,24,27,3
3036,2633,1,24,28,1
3037,2625,1,24,28,2
3038,2607,1,24,28,3
3039,2566,1,24,29,1
3040,2540,1,24,29,2
3041,2523,1,24,29,3
3042,2486,1,24,30,1
3043,2446,1,24,31,1
3044,2431,1,24,31,2
3045,2397,1,24,32,1
3046,2359,1,24,32,2
3047,2333,1,24,32,3
3048,2320,1,24,32,4
3049,2304,1,24,32,5
3050,2279,1,24,33,1
3051,2266,1,24,33,2
3052,2209,1,24,34,1
3053,2202,1,24,34,2
3054,2166,1,24,34,3
3055,2125,1,24,35,1
3056,2109,1,24,35,2
3057,2071,1,24,35,3
3058,2045,1,24,35,4
3059,2032,1,24,35,5
3060,2006,1,24,35,6
3061,1970,1,24,35,7
3062,1943,1,24,35,8
3063,1933,1,24,35,9
3064,1910,1,24,36,1
3065,1893,1,24,37,1
3066,1866,1,24,37,2
3067,1818,1,24,38,1
3068,1800,1,24,38,2
3069,1761,1,24,39,1
3070,1734,1,24,40,1
3071,1701,1,24,40,2
3072,1643,1,24,40,3
3073,1640,1,24,40,4
3074,1600,1,24,41,1
3075,1558,1,24,42,1
3076,1513,1,24,43,1
3077,1475,1,24,43,2
3078,1453,1,24,43,3
3079,1412,1,24,44,1
3080,1391,1,24,44,2
3081,1363,1,24,44,3
3082,1328,1,24,44,4
3083,1318,1,24,44,5
3084,1285,1,24,44,6
3085,1252,1,24,44,7
3086,1224,1,24,44,8
3087,1181,1,24,44,9
3088,1147,1,24,44,10
3089,1088,1,24,45,1
3090,1068,1,24,45,2
3091,1049,1,24,46,1
3092,996,1,24,47,1
3093,975,1,24,47,2
3094,939,1,24,47,3
3095,909,1,24,47,4
3096,858,1,24,48,1
3097,828,1,24,48,2
3098,794,1,24,48,3
3099,762,1,24,48,4
3100,729,1,24,48,5
3101,679,1,24,48,6
3102,664,1,24,48,7
3103,624,1,24,48,8
3104,594,1,24,49,1
3105,553,1,24,50,1
3106,540,1,24,50,2
3107,519,1,24,50,3
3108,476,1,24,51,1
3109,457,1,24,51,2
3110,410,1,24,52,1
3111,396,1,24,52,2
3112,366,1,24,52,3
3113,325,1,24,53,1
3114,309,1,24,53,2
3115,285,1,24,54,1
3116,236,1,24,55,1
3117,213,1,24,55,2
3118,198,1,24,55,3
3119,143,1,24,56,1
3120,115,1,24,57,1
3121,63,1,24,58,1
3122,26,1,24,58,2
3123,5,1,24,58,3
3124,4111,1,25,1,1
3125,4082,1,25,1,2
3126,4051,1,25,1,3
3127,4017,1,25,1,4
3128,3966,1,25,2,1
3129,3926,1,25,3,1
3130,3912,1,25,3,2
3131,3894,1,25,3,3
3132,3865,1,25,4,1
3133,3831,1,25,5,1
3134,3814,1,25,5,2
3135,3783,1,25,5,3
3136,3757,1,25,6,1
3137,3719,1,25,7,1
3138,3693,1,25,7,2
3139,3663,1,25,7,3
3140,3625,1,25,7,4
3141,3612,1,25,7,5
3142,3565,1,25,8,1
3143,3535,1,25,8,2
3144,3509,1,25,9,1
3145,3465,1,25,10,1
3146,3461,1,25,10,2
3147,3443,1,25,10,3
3148,3381,1,25,11,1
3149,3355,1,25,11,2
3150,3340,1,25,11,3
3151,3294,1,25,12,1
3152,3283,1,25,12,2
3153,3227,1,25,13,1
3154,3190,1,25,13,2
3155,3142,1,25,14,1
3156,3130,1,25,14,2
3157,3102,1,25,14,3
3158,3089,1,25,14,4
3159,3050,1,25,15,1
3160,3000,1,25,15,2
3161,2990,1,25,15,3
3162,2974,1,25,15,4
3163,2928,1,25,16,1
3164,2888,1,25,17,1
3165,2848,1,25,18,1
3166,2803,1,25,19,1
3167,2782,1,25,19,2
3168,2762,1,25,20,1
3169,2730,1,25,21,1
3170,2704,1,25,21,2
3171,2674,1,25,21,3
3172,2636,1,25,22,1
3173,2613,1,25,22,2
3174,2557,1,25,23,1
3175,2519,1,25,24,1
3176,2496,1,25,24,2
3177,2487,1,25,24,3
3178,2442,1,25,25,1
3179,2410,1,25,26,1
3180,2396,1,25,26,2
3181,2365,1,25,27,1
3182,2314,1,25,28,1
3183,2299,1,25,28,2
3184,2273,1,25,28,3
3185,2255,1,25,29,1
3186,2242,1,25,30,1
3187,2223,1,25,30,2
3188,2173,1,25,31,1
3189,2157,1,25,31,2
3190,2108,1,25,32,1
3191,2090,1,25,33,1
3192,2050,1,25,33,2
3193,1996,1,25,33,3
3194,1999,1,25,33,4
3195,1949,1,25,34,1
3196,1902,1,25,35,1
3197,1859,1,25,36,1
3198,1831,1,25,36,2
3199,1819,1,25,36,3
3200,1781,1,25,37,1
3201,1756,1,25,37,2
3202,1735,1,25,37,3
3203,1719,1,25,38,1
3204,1694,1,25,39,1
3205,1642,1,25,40,1
3206,1626,1,25,40,2
3207,1575,1,25,41,1
3208,1545,1,25,42,1
3209,1529,1,25,42,2
3210,1482,1,25,42,3
3211,1441,1,25,42,4
3212,1442,1,25,42,5
3213,1418,1,25,43,1
3214,1360,1,25,44,1
3215,1333,1,25,44,2
3216,1313,1,25,44,3
3217,1286,1,25,45,1
3218,1236,1,25,46,1
3219,1219,1,25,46,2
3220,1170,1,25,47,1
3221,1154,1,25,47,2
3222,1119,1,25,48,1
3223,1054,1,25,49,1
3224,1004,1,25,50,1
3225,988,1,25,50,2
3226,958,1,25,50,3
3227,910,1,25,51,1
3228,888,1,25,52,1
3229,867,1,25,52,2
3230,851,1,25,52,3
3231,845,1,25,52,4
3232,827,1,25,52,5
3233,801,1,25,53,1
3234,780,1,25,53,2
3235,764,1,25,53,3
3236,732,1,25,54,1
3237,692,1,25,55,1
3238,681,1,25,55,2
3239,678,1,25,55,3
3240,617,1,25,55,4
3241,581,1,25,56,1
3242,535,1,25,57,1
3243,522,1,25,58,1
3244,470,1,25,59,1
3245,446,1,25,59,2
3246,415,1,25,59,3
3247,393,1,25,60,1
3248,361,1,25,61,1
3249,322,1,25,62,1
3250,318,1,25,62,2
3251,297,1,25,62,3
3252,267,1,25,62,4
3253,225,1,25,62,5
3254,190,1,25,63,1
3255,173,1,25,63,2
3256,145,1,25,64,1
3257,117,1,25,65,1
3258,92,1,25,66,1
3259,48,1,25,67,1
3260,52,1,25,68,1
3261,13,1,25,69,1
3262,4090,1,26,1,1
3263,4088,1,26,1,2
3264,4073,1,26,1,3
3265,4062,1,26,2,1
3266,3975,1,26,3,1
3267,4018,1,26,4,1
3268,4008,1,26,5,1
3269,3984,1,26,6,1
3270,3970,1,26,6,2
3271,3964,1,26,6,3
3272,3924,1,26,6,4
3273,3916,1,26,6,5
3274,3866,1,26,7,1
3275,3843,1,26,8,1
3276,3828,1,26,9,1
3277,3805,1,26,9,2
3278,3766,1,26,9,3
3279,3722,1,26,9,4
3280,3703,1,26,10,1
3281,3658,1,26,11,1
3282,3641,1,26,11,2
3283,3615,1,26,11,3
3284,3600,1,26,12,1
3285,3576,1,26,13,1
3286,3552,1,26,14,1
3287,3537,1,26,14,2
3288,3516,1,26,14,3
3289,3487,1,26,15,1
3290,3446,1,26,16,1
3291,3442,1,26,16,2
3292,3410,1,26,16,3
3293,3368,1,26,16,4
3294,3322,1,26,16,5
3295,3320,1,26,16,6
3296,3265,1,26,17,1
3297,3234,1,26,18,1
3298,3209,1,26,19,1
3299,3181,1,26,20,1
3300,3167,1,26,20,2
3301,3122,1,26,20,3
3302,3092,1,26,20,4
3303,3064,1,26,21,1
3304,2997,1,26,22,1
3305,2935,1,26,23,1
3306,2913,1,26,23,2
3307,2885,1,26,23,3
3308,2844,1,26,24,1
3309,2823,1,26,24,2
3310,2792,1,26,25,1
3311,2749,1,26,26,1
3312,2718,1,26,26,2
3313,2712,1,26,26,3
3314,2675,1,26,26,4
3315,2629,1,26,26,5
3316,2571,1,26,27,1
3317,2551,1,26,28,1
3318,2515,1,26,29,1
3319,2491,1,26,29,2
3320,2453,1,26,29,3
3321,2422,1,26,29,4
3322,2405,1,26,29,5
3323,2381,1,26,30,1
3324,2351,1,26,31,1
3325,2338,1,26,31,2
3326,2340,1,26,31,3
3327,2280,1,26,31,4
3328,2284,1,26,31,5
3329,2224,1,26,32,1
3330,2178,1,26,33,1
3331,2155,1,26,33,2
3332,2133,1,26,34,1
3333,2073,1,26,35,1
3334,2061,1,26,35,2
3335,2003,1,26,36,1
3336,1985,1,26,36,2
3337,1953,1,26,36,3
3338,1908,1,26,37,1
3339,1867,1,26,37,2
3340,1850,1,26,38,1
3341,1807,1,26,38,2
3342,1766,1,26,38,3
3343,1757,1,26,38,4
3344,1704,1,26,39,1
3345,1655,1,26,39,2
3346,1639,1,26,39,3
3347,1619,1,26,39,4
3348,1604,1,26,39,5
3349,1541,1,26,40,1
3350,1471,1,26,41,1
3351,1483,1,26,41,2
3352,1458,1,26,42,1
3353,1436,1,26,43,1
3354,1383,1,26,44,1
3355,1388,1,26,45,1
3356,1326,1,26,46,1
3357,1315,1,26,46,2
3358,1289,1,26,46,3
3359,1276,1,26,47,1
3360,1249,1,26,48,1
3361,1213,1,26,49,1
3362,1152,1,26,50,1
3363,1140,1,26,50,2
3364,1117,1,26,51,1
3365,1094,1,26,52,1
3366,1035,1,26,52,2
3367,1027,1,26,52,3
3368,994,1,26,52,4
3369,956,1,26,53,1
3370,917,1,26,54,1
3371,891,1,26,54,2
3372,879,1,26,54,3
3373,819,1,26,55,1
3374,791,1,26,55,2
3375,772,1,26,55,3
3376,749,1,26,56,1
3377,658,1,26,57,1
3378,611,1,26,57,2
3379,587,1,26,58,1
3380,564,1,26,58,2
3381,537,1,26,59,1
3382,483,1,26,60,1
3383,469,1,26,60,2
3384,447,1,26,60,3
3385,404,1,26,60,4
3386,368,1,26,61,1
3387,335,1,26,62,1
3388,308,1,26,63,1
3389,278,1,26,64,1
3390,238,1,26,65,1
3391,241,1,26,65,2
3392,200,1,26,65,3
3393,192,1,26,65,4
3394,156,1,26,66,1
3395,114,1,26,67,1
3396,98,1,26,67,2
3397,35,1,26,67,3
3398,23,1,26,67,4
3399,10,1,26,67,5
3400,4109,1,27,1,1
3401,4087,1,27,2,1
3402,4075,1,27,2,2
3403,4076,1,27,2,3
3404,4041,1,27,2,4
3405,4011,1,27,3,1
3406,3978,1,27,4,1
3407,3961,1,27,5,1
3408,3938,1,27,6,1
3409,3899,1,27,7,1
3410,3847,1,27,8,1
3411,3840,1,27,8,2
3412,3793,1,27,9,1
3413,3768,1,27,9,2
3414,3721,1,27,10,1
3415,3672,1,27,11,1
3416,3603,1,27,12,1
3417,3587,1,27,12,2
3418,3541,1,27,13,1
3419,3518,1,27,13,2
3420,3468,1,27,14,1
3421,3424,1,27,15,1
3422,3423,1,27,15,2
3423,3391,1,27,15,3
3424,3352,1,27,15,4
3425,3305,1,27,15,5
3426,3279,1,27,16,1
3427,3251,1,27,17,1
3428,3207,1,27,18,1
3429,3199,1,27,18,2
3430,3177,1,27,18,3
3431,3154,1,27,18,4
3432,3108,1,27,18,5
3433,3077,1,27,19,1
3434,3039,1,27,20,1
3435,3013,1,27,21,1
3436,2993,1,27,21,2
3437,2970,1,27,21,3
3438,2948,1,27,21,4
3439,2904,1,27,22,1
3440,2840,1,27,22,2
3441,2817,1,27,22,3
3442,2767,1,27,23,1
3443,2692,1,27,24,1
3444,2658,1,27,25,1
3445,2648,1,27,25,2
3446,2632,1,27,26,1
3447,2594,1,27,27,1
3448,2536,1,27,28,1
3449,2517,1,27,28,2
3450,2456,1,27,28,3
3451,2420,1,27,29,1
3452,2403,1,27,29,2
3453,2360,1,27,29,3
3454,2321,1,27,29,4
3455,2288,1,27,30,1
3456,2234,1,27,31,1
3457,2215,1,27,31,2
3458,2190,1,27,31,3
3459,2144,1,27,32,1
3460,2107,1,27,33,1
3461,2084,1,27,33,2
3462,2064,1,27,33,3
3463,2012,1,27,34,1
3464,1988,1,27,34,2
3465,1958,1,27,35,1
3466,1915,1,27,36,1
3467,1917,1,27,36,2
3468,1877,1,27,36,3
3469,1833,1,27,36,4
3470,1791,1,27,36,5
3471,1782,1,27,37,1
3472,1741,1,27,38,1
3473,1713,1,27,39,1
3474,1698,1,27,39,2
3475,1679,1,27,39,3
3476,1652,1,27,39,4
3477,1611,1,27,39,5
3478,1580,1,27,40,1
3479,1526,1,27,40,2
3480,1507,1,27,40,3
3481,1481,1,27,40,4
3482,1435,1,27,41,1
3483,1396,1,27,42,1
3484,1345,1,27,43,1
3485,1309,1,27,43,2
3486,1270,1,27,43,3
3487,1237,1,27,44,1
3488,1185,1,27,44,2
3489,1151,1,27,45,1
3490,1122,1,27,46,1
3491,1081,1,27,47,1
3492,1046,1,27,48,1
3493,983,1,27,49,1
3494,959,1,27,49,2
3495,921,1,27,49,3
3496,873,1,27,50,1
3497,854,1,27,50,2
3498,831,1,27,51,1
3499,769,1,27,51,2
3500,760,1,27,51,3
3501,704,1,27,52,1
3502,694,1,27,52,2
3503,654,1,27,52,3
3504,641,1,27,52,4
3505,604,1,27,53,1
3506,565,1,27,53,2
3507,526,1,27,53,3
3508,512,1,27,53,4
3509,465,1,27,54,1
3510,439,1,27,54,2
3511,397,1,27,55,1
3512,376,1,27,55,2
3513,342,1,27,56,1
3514,258,1,27,57,1
3515,223,1,27,57,2
3516,204,1,27,57,3
3517,177,1,27,58,1
3518,162,1,27,59,1
3519,119,1,27,60,1
3520,87,1,27,61,1
3521,32,1,27,62,1
3522,12,1,27,63,1
3523,4083,1,28,1,1
3524,4071,1,28,1,2
3525,4047,1,28,2,1
3526,4006,1,28,3,1
3527,3991,1,28,3,2
3528,3949,1,28,3,3
3529,3905,1,28,4,1
3530,3882,1,28,4,2
3531,3842,1,28,5,1
3532,3787,1,28,6,1
3533,3778,1,28,7,1
3534,3755,1,28,7,2
3535,3713,1,28,7,3
3536,3679,1,28,7,4
3537,3645,1,28,8,1
3538,3629,1,28,8,2
3539,3599,1,28,8,3
3540,3555,1,28,9,1
3541,3542,1,28,9,2
3542,3505,1,28,10,1
3543,3495,1,28,11,1
3544,3463,1,28,11,2
3545,3451,1,28,11,3
3546,3403,1,28,11,4
3547,3362,1,28,11,5
3548,3354,1,28,11,6
3549,3332,1,28,12,1
3550,3308,1,28,13,1
3551,3297,1,28,13,2
3552,3267,1,28,14,1
3553,3233,1,28,14,2
3554,3220,1,28,14,3
3555,3194,1,28,15,1
3556,3171,1,28,15,2
3557,3168,1,28,15,3
3558,3135,1,28,15,4
3559,3095,1,28,16,1
3560,3043,1,28,17,1
3561,3021,1,28,17,2
3562,3002,1,28,18,1
3563,2964,1,28,19,1
3564,2924,1,28,20,1
3565,2882,1,28,21,1
3566,2849,1,28,22,1
3567,2828,1,28,23,1
3568,2826,1,28,23,2
3569,2790,1,28,24,1
3570,2752,1,28,25,1
3571,2723,1,28,25,2
3572,2711,1,28,25,3
3573,2688,1,28,25,4
3574,2656,1,28,26,1
3575,2596,1,28,27,1
3576,2582,1,28,27,2
3577,2546,1,28,28,1
3578,2530,1,28,29,1
3579,2485,1,28,29,2
3580,2467,1,28,29,3
3581,2432,1,28,29,4
3582,2401,1,28,30,1
3583,2376,1,28,31,1
3584,2355,1,28,31,2
3585,2334,1,28,32,1
3586,2307,1,28,33,1
3587,2289,1,28,33,2
3588,2261,1,28,34,1
3589,2205,1,28,35,1
3590,2164,1,28,36,1
3591,2139,1,28,36,2
3592,2121,1,28,36,3
3593,2069,1,28,37,1
3594,2040,1,28,37,2
3595,2004,1,28,38,1
3596,1969,1,28,39,1
3597,1935,1,28,40,1
3598,1904,1,28,41,1
3599,1840,1,28,42,1
3600,1812,1,28,42,2
3601,1797,1,28,42,3
3602,1745,1,28,43,1
3603,1729,1,28,43,2
3604,1684,1,28,43,3
3605,1647,1,28,44,1
3606,1598,1,28,45,1
3607,1586,1,28,45,2
3608,1534,1,28,46,1
3609,1503,1,28,46,2
3610,1466,1,28,47,1
3611,1415,1,28,48,1
3612,1392,1,28,48,2
3613,1362,1,28,49,1
3614,1346,1,28,50,1
3615,1290,1,28,50,2
3616,1283,1,28,50,3
3617,1246,1,28,50,4
3618,1207,1,28,51,1
3619,1083,1,28,52,1
3620,1109,1,28,53,1
3621,1079,1,28,54,1
3622,1043,1,28,54,2
3623,1033,1,28,54,3
3624,987,1,28,55,1
3625,969,1,28,55,2
3626,954,1,28,55,3
3627,908,1,28,56,1
3628,882,1,28,56,2
3629,841,1,28,57,1
3630,793,1,28,57,2
3631,775,1,28,57,3
3632,747,1,28,57,4
3633,698,1,28,58,1
3634,666,1,28,59,1
3635,655,1,28,59,2
3636,618,1,28,60,1
3637,559,1,28,61,1
3638,515,1,28,61,2
3639,492,1,28,62,1
3640,472,1,28,63,1
3641,425,1,28,63,2
3642,387,1,28,63,3
3643,351,1,28,63,4
3644,339,1,28,63,5
3645,289,1,28,64,1
3646,245,1,28,64,2
3647,224,1,28,64,3
3648,183,1,28,65,1
3649,137,1,28,65,2
3650,122,1,28,65,3
3651,77,1,28,66,1
3652,54,1,28,66,2
3653,37,1,28,66,3
3654,7,1,28,67,1
3655,4093,1,29,1,1
3656,4072,1,29,1,2
3657,4063,1,29,1,3
3658,4048,1,29,1,4
3659,4019,1,29,2,1
3660,4002,1,29,2,2
3661,4001,1,29,2,3
3662,3967,1,29,2,4
3663,3943,1,29,2,5
3664,3914,1,29,3,1
3665,3863,1,29,4,1
3666,3802,1,29,5,1
3667,3751,1,29,6,1
3668,3748,1,29,7,1
3669,3696,1,29,8,1
3670,3691,1,29,8,2
3671,3665,1,29,8,3
3672,3618,1,29,9,1
3673,3575,1,29,10,1
3674,3545,1,29,11,1
3675,3533,1,29,11,2
3676,3523,1,29,11,3
3677,3480,1,29,12,1
3678,3462,1,29,12,2
3679,3432,1,29,12,3
3680,3411,1,29,12,4
3681,3383,1,29,13,1
3682,3348,1,29,14,1
3683,3335,1,29,14,2
3684,3313,1,29,14,3
3685,3272,1,29,15,1
3686,3228,1,29,16,1
3687,3183,1,29,17,1
3688,3148,1,29,18,1
3689,3119,1,29,19,1
3690,3076,1,29,20,1
3691,3033,1,29,21,1
3692,3001,1,29,22,1
3693,2987,1,29,22,2
3694,2921,1,29,22,3
3695,2873,1,29,22,4
3696,2837,1,29,23,1
3697,2818,1,29,23,2
3698,2800,1,29,23,3
3699,2743,1,29,24,1
3700,2751,1,29,24,2
3701,2720,1,29,24,3
3702,2705,1,29,24,4
3703,2624,1,29,25,1
3704,2587,1,29,26,1
3705,2560,1,29,27,1
3706,2544,1,29,27,2
3707,2495,1,29,28,1
3708,2434,1,29,29,1
3709,2417,1,29,29,2
3710,2411,1,29,30,1
3711,2393,1,29,31,1
3712,2374,1,29,32,1
3713,2317,1,29,32,2
3714,2285,1,29,32,3
3715,2235,1,29,32,4
3716,2225,1,29,32,5
3717,2187,1,29,33,1
3718,2170,1,29,33,2
3719,2158,1,29,33,3
3720,2101,1,29,34,1
3721,2074,1,29,35,1
3722,2060,1,29,35,2
3723,2039,1,29,35,3
3724,2005,1,29,36,1
3725,1986,1,29,36,2
3726,1950,1,29,37,1
3727,1934,1,29,38,1
3728,1895,1,29,38,2
3729,1881,1,29,38,3
3730,1845,1,29,38,4
3731,1798,1,29,38,5
3732,1792,1,29,38,6
3733,1747,1,29,39,1
3734,1723,1,29,39,2
3735,1673,1,29,40,1
3736,1627,1,29,40,2
3737,1602,1,29,40,3
3738,1555,1,29,41,1
3739,1505,1,29,41,2
3740,1473,1,29,41,3
3741,1422,1,29,42,1
3742,1404,1,29,42,2
3743,1364,1,29,42,3
3744,1306,1,29,43,1
3745,1291,1,29,43,2
3746,1268,1,29,43,3
3747,1239,1,29,43,4
3748,1227,1,29,43,5
3749,1198,1,29,43,6
3750,1162,1,29,43,7
3751,1130,1,29,43,8
3752,1085,1,29,43,9
3753,1051,1,29,43,10
3754,1007,1,29,44,1
3755,985,1,29,45,1
3756,963,1,29,45,2
3757,946,1,29,46,1
3758,935,1,29,47,1
3759,914,1,29,47,2
3760,852,1,29,48,1
3761,829,1,29,48,2
3762,786,1,29,49,1
3763,754,1,29,50,1
3764,717,1,29,50,2
3765,682,1,29,50,3
3766,671,1,29,50,4
3767,635,1,29,51,1
3768,596,1,29,52,1
3769,566,1,29,53,1
3770,538,1,29,53,2
3771,503,1,29,53,3
3772,460,1,29,54,1
3773,437,1,29,54,2
3774,418,1,29,54,3
3775,380,1,29,54,4
3776,360,1,29,54,5
3777,338,1,29,55,1
3778,324,1,29,55,2
3779,292,1,29,56,1
3780,265,1,29,56,2
3781,221,1,29,57,1
3782,205,1,29,57,2
3783,175,1,29,58,1
3784,123,1,29,59,1
3785,81,1,29,60,1
3786,53,1,29,61,1
3787,36,1,29,61,2
3788,18,1,29,61,3
3789,8,1,29,61,4
3790,4,1,29,61,5
3791,4085,1,30,1,1
3792,4053,1,30,2,1
3793,4024,1,30,3,1
3794,4007,1,30,3,2
3795,4003,1,30,3,3
3796,3987,1,30,3,4
3797,3939,1,30,4,1
3798,3918,1,30,4,2
3799,3917,1,30,4,3
3800,3875,1,30,4,4
3801,3860,1,30,4,5
3802,3826,1,30,5,1
3803,3798,1,30,5,2
3804,3761,1,30,6,1
3805,3697,1,30,7,1
3806,3636,1,30,8,1
3807,3573,1,30,9,1
3808,3528,1,30,10,1
3809,3490,1,30,11,1
3810,3447,1,30,12,1
3811,3421,1,30,13,1
3812,3397,1,30,13,2
3813,3385,1,30,13,3
3814,3329,1,30,14,1
3815,3331,1,30,15,1
3816,3302,1,30,16,1
3817,3246,1,30,17,1
3818,3210,1,30,17,2
3819,3173,1,30,17,3
3820,3162,1,30,17,4
3821,3099,1,30,18,1
3822,3053,1,30,18,2
3823,3029,1,30,18,3
3824,3008,1,30,19,1
3825,2968,1,30,19,2
3826,2929,1,30,19,3
3827,2880,1,30,19,4
3828,2835,1,30,20,1
3829,2791,1,30,21,1
3830,2775,1,30,21,2
3831,2763,1,30,21,3
3832,2717,1,30,22,1
3833,2681,1,30,23,1
3834,2685,1,30,23,2
3835,2647,1,30,24,1
3836,2606,1,30,25,1
3837,2591,1,30,25,2
3838,2577,1,30,25,3
3839,2542,1,30,26,1
3840,2527,1,30,27,1
3841,2511,1,30,27,2
3842,2444,1,30,28,1
3843,2427,1,30,28,2
3844,2399,1,30,29,1
3845,2375,1,30,30,1
3846,2330,1,30,30,2
3847,2292,1,30,30,3
3848,2286,1,30,30,4
3849,2245,1,30,31,1
3850,2191,1,30,32,1
3851,2156,1,30,33,1
3852,2132,1,30,33,2
3853,2104,1,30,33,3
3854,2077,1,30,34,1
3855,2033,1,30,35,1
3856,2015,1,30,36,1
3857,1968,1,30,37,1
3858,1955,1,30,37,2
3859,1930,1,30,37,3
3860,1876,1,30,38,1
3861,1868,1,30,38,2
3862,1852,1,30,38,3
3863,1837,1,30,39,1
3864,1804,1,30,40,1
3865,1784,1,30,40,2
3866,1717,1,30,41,1
3867,1699,1,30,41,2
3868,1664,1,30,42,1
3869,1628,1,30,42,2
3870,1607,1,30,43,1
3871,1565,1,30,44,1
3872,1520,1,30,44,2
3873,1514,1,30,44,3
3874,1484,1,30,45,1
3875,1440,1,30,46,1
3876,1413,1,30,46,2
3877,1385,1,30,46,3
3878,1357,1,30,46,4
3879,1307,1,30,47,1
3880,1271,1,30,48,1
3881,1233,1,30,49,1
3882,1217,1,30,49,2
3883,1206,1,30,49,3
3884,1171,1,30,50,1
3885,1136,1,30,51,1
3886,1120,1,30,52,1
3887,1066,1,30,52,2
3888,1048,1,30,52,3
3889,1009,1,30,52,4
3890,973,1,30,53,1
3891,953,1,30,53,2
3892,918,1,30,54,1
3893,911,1,30,55,1
3894,887,1,30,55,2
3895,832,1,30,56,1
3896,812,1,30,56,2
3897,778,1,30,57,1
3898,746,1,30,58,1
3899,715,1,30,58,2
3900,651,1,30,58,3
3901,649,1,30,58,4
3902,595,1,30,59,1
3903,548,1,30,60,1
3904,505,1,30,61,1
3905,484,1,30,61,2
3906,458,1,30,61,3
3907,416,1,30,62,1
3908,359,1,30,63,1
3909,320,1,30,63,2
3910,283,1,30,63,3
3911,266,1,30,63,4
3912,254,1,30,63,5
3913,214,1,30,64,1
3914,207,1,30,64,2
3915,180,1,30,64,3
3916,148,1,30,65,1
3917,131,1,30,65,2
3918,90,1,30,65,3
3919,21,1,30,66,1
3920,4086,1,31,1,1
3921,4059,1,31,1,2
3922,4037,1,31,1,3
3923,4029,1,31,1,4
3924,3992,1,31,2,1
3925,3974,1,31,2,2
3926,3956,1,31,2,3
3927,3890,1,31,3,1
3928,3876,1,31,4,1
3929,3857,1,31,4,2
3930,3817,1,31,5,1
3931,3804,1,31,5,2
3932,3756,1,31,6,1
3933,3739,1,31,6,2
3934,3706,1,31,7,1
3935,3680,1,31,8,1
3936,3670,1,31,8,2
3937,3642,1,31,9,1
3938,3608,1,31,9,2
3939,3595,1,31,9,3
3940,3538,1,31,10,1
3941,3515,1,31,11,1
3942,3471,1,31,12,1
3943,3386,1,31,13,1
3944,3378,1,31,13,2
3945,3339,1,31,14,1
3946,3286,1,31,15,1
3947,3280,1,31,15,2
3948,3253,1,31,16,1
3949,3218,1,31,17,1
3950,3200,1,31,17,2
3951,3186,1,31,17,3
3952,3164,1,31,17,4
3953,3131,1,31,18,1
3954,3090,1,31,19,1
3955,3067,1,31,19,2
3956,3034,1,31,19,3
3957,2995,1,31,20,1
3958,2966,1,31,21,1
3959,2945,1,31,22,1
3960,2923,1,31,22,2
3961,2865,1,31,23,1
3962,2838,1,31,23,2
3963,2793,1,31,24,1
3964,2774,1,31,25,1
3965,2724,1,31,25,2
3966,2659,1,31,25,3
3967,2652,1,31,25,4
3968,2549,1,31,26,1
3969,2503,1,31,27,1
3970,2478,1,31,27,2
3971,2452,1,31,27,3
3972,2382,1,31,28,1
3973,2372,1,31,29,1
3974,2328,1,31,30,1
3975,2247,1,31,31,1
3976,2232,1,31,31,2
3977,2183,1,31,32,1
3978,2153,1,31,33,1
3979,2105,1,31,33,2
3980,2080,1,31,33,3
3981,2065,1,31,33,4
3982,1990,1,31,34,1
3983,1972,1,31,34,2
3984,1907,1,31,35,1
3985,1878,1,31,36,1
3986,1824,1,31,37,1
3987,1786,1,31,37,2
3988,1811,1,31,37,3
3989,1770,1,31,37,4
3990,1737,1,31,38,1
3991,1695,1,31,39,1
3992,1687,1,31,39,2
3993,1668,1,31,39,3
3994,1596,1,31,40,1
3995,1574,1,31,41,1
3996,1537,1,31,42,1
3997,1469,1,31,43,1
3998,1411,1,31,44,1
3999,1376,1,31,44,2
4000,1348,1,31,44,3
4001,1254,1,31,45,1
4002,1223,1,31,45,2
4003,1124,1,31,46,1
4004,1080,1,31,47,1
4005,1061,1,31,47,2
4006,1022,1,31,48,1
4007,1002,1,31,48,2
4008,929,1,31,48,3
4009,855,1,31,48,4
4010,847,1,31,48,5
4011,804,1,31,49,1
4012,766,1,31,50,1
4013,718,1,31,51,1
4014,714,1,31,52,1
4015,638,1,31,53,1
4016,583,1,31,53,2
4017,542,1,31,53,3
4018,500,1,31,54,1
4019,431,1,31,55,1
4020,402,1,31,56,1
4021,381,1,31,57,1
4022,355,1,31,57,2
4023,293,1,31,58,1
4024,276,1,31,58,2
4025,211,1,31,59,1
4026,171,1,31,60,1
4027,110,1,31,60,2
4028,116,1,31,60,3
4029,74,1,31,61,1
4030,27,1,31,62,1
4031,9,1,31,63,1
4032,3,1,31,63,2
4033,2,1,31,63,3
4034,4101,1,32,1,1
4035,4099,1,32,2,1
4036,4052,1,32,3,1
4037,4044,1,32,4,1
4038,3977,1,32,5,1
4039,3969,1,32,5,2
4040,3950,1,32,5,3
4041,3928,1,32,6,1
4042,3764,1,32,7,1
4043,3820,1,32,8,1
4044,4130,1,32,8,2
4045,3727,1,32,9,1
4046,3701,1,32,10,1
4047,3643,1,32,11,1
4048,3621,1,32,11,2
4049,3582,1,32,11,3
4050,3559,1,32,12,1
4051,3497,1,32,13,1
4052,3458,1,32,13,2
4053,3406,1,32,13,3
4054,3379,1,32,13,4
4055,3291,1,32,14,1
4056,3275,1,32,14,2
4057,3243,1,32,14,3
4058,3205,1,32,14,4
4059,3137,1,32,15,1
4060,3056,1,32,15,2
4061,2994,1,32,15,3
4062,2969,1,32,16,1
4063,2925,1,32,17,1
4064,2887,1,32,17,2
4065,2805,1,32,18,1
4066,2776,1,32,19,1
4067,2755,1,32,19,2
4068,2689,1,32,20,1
4069,2646,1,32,20,2
4070,2580,1,32,21,1
4071,2552,1,32,21,2
4072,2516,1,32,21,3
4073,2460,1,32,22,1
4074,2413,1,32,22,2
4075,2377,1,32,23,1
4076,2329,1,32,23,2
4077,2274,1,32,23,3
4078,2192,1,32,23,4
4079,2186,1,32,23,5
4080,2141,1,32,24,1
4081,2114,1,32,24,2
4082,2097,1,32,24,3
4083,2052,1,32,25,1
4084,1993,1,32,26,1
4085,1936,1,32,26,2
4086,1899,1,32,26,3
4087,1869,1,32,27,1
4088,1842,1,32,28,1
4089,1821,1,32,29,1
4090,1748,1,32,29,2
4091,1711,1,32,29,3
4092,1644,1,32,29,4
4093,1631,1,32,29,5
4094,1608,1,32,29,6
4095,1571,1,32,30,1
4096,1522,1,32,31,1
4097,1500,1,32,32,1
4098,1449,1,32,32,2
4099,1439,1,32,32,3
4100,1400,1,32,32,4
4101,1354,1,32,32,5
4102,1336,1,32,32,6
4103,1296,1,32,33,1
4104,1262,1,32,34,1
4105,1245,1,32,35,1
4106,1201,1,32,35,2
4107,1191,1,32,35,3
4108,1155,1,32,35,4
4109,1116,1,32,35,5
4110,1102,1,32,35,6
4111,1038,1,32,36,1
4112,971,1,32,37,1
4113,930,1,32,38,1
4114,849,1,32,39,1
4115,823,1,32,39,2
4116,788,1,32,40,1
4117,741,1,32,41,1
4118,707,1,32,41,2
4119,652,1,32,41,3
4120,605,1,32,41,4
4121,582,1,32,41,5
4122,543,1,32,42,1
4123,448,1,32,43,1
4124,419,1,32,43,2
4125,328,1,32,43,3
4126,270,1,32,44,1
4127,255,1,32,45,1
4128,149,1,32,45,2
4129,120,1,32,45,3
4130,82,1,32,45,4
4131,6,1,32,46,1
4132,1,1,32,46,2
