vGlyphTable1,vGlyphTable2,vGlyphTable3,vGlyphTable4,vGlyphTable5
1,138,1,1,1
2,153,1,1,2
3,167,1,1,3
4,181,1,1,4
5,191,1,1,5
6,227,1,1,6
7,270,1,1,7
8,302,1,1,8
9,336,1,1,9
10,367,1,1,10
11,400,1,1,11
12,421,1,1,12
13,441,1,1,13
14,453,1,1,14
15,467,1,1,15
16,505,1,1,16
17,533,1,1,17
18,558,1,1,18
19,580,1,1,19
20,612,1,1,20
21,640,1,1,21
22,652,1,1,22
23,682,1,1,23
24,719,1,1,24
25,746,1,1,25
26,765,1,1,26
27,790,1,1,27
28,820,1,1,28
29,859,1,1,29
30,911,1,1,30
31,951,1,1,31
32,962,1,1,32
33,992,1,1,33
34,1021,1,1,34
35,1062,1,1,35
36,1106,1,1,36
37,1140,1,1,37
38,1160,1,1,38
39,1186,1,1,39
40,1217,1,1,40
41,1232,1,1,41
42,1249,1,1,42
43,1278,1,1,43
44,1320,1,1,44
45,1336,1,1,45
46,1360,1,1,46
47,1383,1,1,47
48,1409,1,1,48
49,1423,1,1,49
50,1440,1,1,50
51,1455,1,1,51
52,1473,1,1,52
53,1491,1,1,53
54,1506,1,1,54
55,1515,1,1,55
56,1544,1,1,56
57,1565,1,1,57
58,1595,1,1,58
59,1642,1,1,59
60,1691,1,1,60
61,1751,1,1,61
62,1792,1,1,62
63,1820,1,1,63
64,1839,1,1,64
65,118,1,2,1
66,148,1,2,2
67,168,1,2,3
68,204,1,2,4
69,243,1,2,5
70,254,1,2,6
71,266,1,2,7
72,279,1,2,8
73,305,1,2,9
74,337,1,2,10
75,366,1,2,11
76,388,1,2,12
77,412,1,2,13
78,445,1,2,14
79,456,1,2,15
80,471,1,2,16
81,486,1,2,17
82,498,1,2,18
83,508,1,2,19
84,517,1,2,20
85,543,1,2,21
86,576,1,2,22
87,600,1,2,23
88,628,1,2,24
89,653,1,2,25
90,667,1,2,26
91,678,1,2,27
92,693,1,2,28
93,708,1,2,29
94,782,1,2,30
95,842,1,2,31
96,858,1,2,32
97,879,1,2,33
98,899,1,2,34
99,910,1,2,35
100,922,1,2,36
101,947,1,2,37
102,971,1,2,38
103,1005,1,2,39
104,1039,1,2,40
105,1060,1,2,41
106,1091,1,2,42
107,1170,1,2,43
108,1246,1,2,44
109,1317,1,2,45
110,1384,1,2,46
111,1406,1,2,47
112,1433,1,2,48
113,1481,1,2,49
114,1527,1,2,50
115,1606,1,2,51
116,1682,1,2,52
117,1707,1,2,53
118,1728,1,2,54
119,1757,1,2,55
120,1785,1,2,56
121,1833,1,2,57
122,136,1,3,1
123,187,1,3,2
124,209,1,3,3
125,232,1,3,4
126,273,1,3,5
127,310,1,3,6
128,350,1,3,7
129,392,1,3,8
130,475,1,3,9
131,545,1,3,10
132,562,1,3,11
133,584,1,3,12
134,616,1,3,13
135,655,1,3,14
136,695,1,3,15
137,747,1,3,16
138,831,1,3,17
139,940,1,3,18
140,998,1,3,19
141,1030,1,3,20
142,1071,1,3,21
143,1137,1,3,22
144,1223,1,3,23
145,1270,1,3,24
146,1286,1,3,25
147,1295,1,3,26
148,1326,1,3,27
149,1370,1,3,28
150,1449,1,3,29
151,1533,1,3,30
152,1577,1,3,31
153,1645,1,3,32
154,1690,1,3,33
155,1760,1,3,34
156,1836,1,3,35
157,115,1,4,1
158,162,1,4,2
159,186,1,4,3
160,206,1,4,4
161,217,1,4,5
162,265,1,4,6
163,326,1,4,7
164,390,1,4,8
165,457,1,4,9
166,474,1,4,10
167,541,1,4,11
168,613,1,4,12
169,634,1,4,13
170,669,1,4,14
171,707,1,4,15
172,732,1,4,16
173,776,1,4,17
174,822,1,4,18
175,849,1,4,19
176,877,1,4,20
177,908,1,4,21
178,927,1,4,22
179,959,1,4,23
180,996,1,4,24
181,1018,1,4,25
182,1041,1,4,26
183,1066,1,4,27
184,1089,1,4,28
185,1112,1,4,29
186,1141,1,4,30
187,1177,1,4,31
188,1191,1,4,32
189,1233,1,4,33
190,1271,1,4,34
191,1276,1,4,35
192,1298,1,4,36
193,1331,1,4,37
194,1348,1,4,38
195,1371,1,4,39
196,1416,1,4,40
197,1465,1,4,41
198,1486,1,4,42
199,1502,1,4,43
200,1524,1,4,44
201,1552,1,4,45
202,1584,1,4,46
203,1599,1,4,47
204,1623,1,4,48
205,1654,1,4,49
206,1677,1,4,50
207,1710,1,4,51
208,1729,1,4,52
209,1739,1,4,53
210,1777,1,4,54
211,1840,1,4,55
212,81,1,5,1
213,111,1,5,2
214,139,1,5,3
215,149,1,5,4
216,171,1,5,5
217,194,1,5,6
218,239,1,5,7
219,283,1,5,8
220,304,1,5,9
221,343,1,5,10
222,439,1,5,11
223,513,1,5,12
224,526,1,5,13
225,553,1,5,14
226,572,1,5,15
227,585,1,5,16
228,598,1,5,17
229,624,1,5,18
230,646,1,5,19
231,685,1,5,20
232,722,1,5,21
233,750,1,5,22
234,775,1,5,23
235,811,1,5,24
236,828,1,5,25
237,850,1,5,26
238,888,1,5,27
239,919,1,5,28
240,939,1,5,29
241,968,1,5,30
242,1032,1,5,31
243,1074,1,5,32
244,1102,1,5,33
245,1132,1,5,34
246,1159,1,5,35
247,1181,1,5,36
248,1194,1,5,37
249,1207,1,5,38
250,1230,1,5,39
251,1269,1,5,40
252,1366,1,5,41
253,1434,1,5,42
254,1451,1,5,43
255,1471,1,5,44
256,1484,1,5,45
257,1511,1,5,46
258,1539,1,5,47
259,1553,1,5,48
260,1579,1,5,49
261,1611,1,5,50
262,1632,1,5,51
263,1664,1,5,52
264,1711,1,5,53
265,1805,1,5,54
266,137,1,6,1
267,221,1,6,2
268,258,1,6,3
269,299,1,6,4
270,338,1,6,5
271,383,1,6,6
272,415,1,6,7
273,459,1,6,8
274,487,1,6,9
275,502,1,6,10
276,542,1,6,11
277,618,1,6,12
278,668,1,6,13
279,692,1,6,14
280,706,1,6,15
281,739,1,6,16
282,769,1,6,17
283,803,1,6,18
284,872,1,6,19
285,920,1,6,20
286,956,1,6,21
287,961,1,6,22
288,972,1,6,23
289,991,1,6,24
290,1008,1,6,25
291,1033,1,6,26
292,1069,1,6,27
293,1099,1,6,28
294,1127,1,6,29
295,1142,1,6,30
296,1158,1,6,31
297,1173,1,6,32
298,1188,1,6,33
299,1203,1,6,34
300,1234,1,6,35
301,1265,1,6,36
302,1283,1,6,37
303,1310,1,6,38
304,1338,1,6,39
305,1365,1,6,40
306,1396,1,6,41
307,1461,1,6,42
308,1500,1,6,43
309,1513,1,6,44
310,1542,1,6,45
311,1566,1,6,46
312,1585,1,6,47
313,1600,1,6,48
314,1620,1,6,49
315,1649,1,6,50
316,1686,1,6,51
317,1723,1,6,52
318,1753,1,6,53
319,1762,1,6,54
320,1793,1,6,55
321,1858,1,6,56
322,76,1,7,1
323,96,1,7,2
324,103,1,7,3
325,125,1,7,4
326,166,1,7,5
327,225,1,7,6
328,284,1,7,7
329,328,1,7,8
330,357,1,7,9
331,391,1,7,10
332,434,1,7,11
333,473,1,7,12
334,490,1,7,13
335,512,1,7,14
336,536,1,7,15
337,563,1,7,16
338,575,1,7,17
339,620,1,7,18
340,665,1,7,19
341,694,1,7,20
342,724,1,7,21
343,760,1,7,22
344,801,1,7,23
345,832,1,7,24
346,862,1,7,25
347,898,1,7,26
348,934,1,7,27
349,979,1,7,28
350,1011,1,7,29
351,1040,1,7,30
352,1072,1,7,31
353,1117,1,7,32
354,1169,1,7,33
355,1216,1,7,34
356,1258,1,7,35
357,1296,1,7,36
358,1345,1,7,37
359,1391,1,7,38
360,1428,1,7,39
361,1472,1,7,40
362,1488,1,7,41
363,1509,1,7,42
364,1530,1,7,43
365,1557,1,7,44
366,1587,1,7,45
367,1607,1,7,46
368,1631,1,7,47
369,1656,1,7,48
370,1685,1,7,49
371,1722,1,7,50
372,1754,1,7,51
373,1774,1,7,52
374,1803,1,7,53
375,1826,1,7,54
376,1857,1,7,55
377,59,1,8,1
378,71,1,8,2
379,99,1,8,3
380,135,1,8,4
381,158,1,8,5
382,193,1,8,6
383,216,1,8,7
384,231,1,8,8
385,256,1,8,9
386,267,1,8,10
387,306,1,8,11
388,352,1,8,12
389,374,1,8,13
390,387,1,8,14
391,408,1,8,15
392,450,1,8,16
393,509,1,8,17
394,555,1,8,18
395,591,1,8,19
396,611,1,8,20
397,641,1,8,21
398,689,1,8,22
399,742,1,8,23
400,779,1,8,24
401,794,1,8,25
402,815,1,8,26
403,829,1,8,27
404,855,1,8,28
405,901,1,8,29
406,948,1,8,30
407,976,1,8,31
408,1012,1,8,32
409,1048,1,8,33
410,1083,1,8,34
411,1125,1,8,35
412,1149,1,8,36
413,1172,1,8,37
414,1213,1,8,38
415,1256,1,8,39
416,1290,1,8,40
417,1325,1,8,41
418,1378,1,8,42
419,1405,1,8,43
420,1426,1,8,44
421,1460,1,8,45
422,1474,1,8,46
423,1503,1,8,47
424,1540,1,8,48
425,1559,1,8,49
426,1575,1,8,50
427,1590,1,8,51
428,1616,1,8,52
429,1648,1,8,53
430,1666,1,8,54
431,1680,1,8,55
432,1703,1,8,56
433,1721,1,8,57
434,1776,1,8,58
435,1847,1,8,59
436,53,1,9,1
437,83,1,9,2
438,127,1,9,3
439,150,1,9,4
440,174,1,9,5
441,195,1,9,6
442,218,1,9,7
443,240,1,9,8
444,250,1,9,9
445,281,1,9,10
446,309,1,9,11
447,327,1,9,12
448,341,1,9,13
449,384,1,9,14
450,419,1,9,15
451,433,1,9,16
452,469,1,9,17
453,504,1,9,18
454,521,1,9,19
455,551,1,9,20
456,596,1,9,21
457,632,1,9,22
458,662,1,9,23
459,698,1,9,24
460,733,1,9,25
461,771,1,9,26
462,813,1,9,27
463,839,1,9,28
464,869,1,9,29
465,892,1,9,30
466,904,1,9,31
467,949,1,9,32
468,997,1,9,33
469,1049,1,9,34
470,1087,1,9,35
471,1119,1,9,36
472,1146,1,9,37
473,1168,1,9,38
474,1196,1,9,39
475,1218,1,9,40
476,1238,1,9,41
477,1264,1,9,42
478,1289,1,9,43
479,1315,1,9,44
480,1340,1,9,45
481,1355,1,9,46
482,1377,1,9,47
483,1412,1,9,48
484,1438,1,9,49
485,1479,1,9,50
486,1517,1,9,51
487,1547,1,9,52
488,1586,1,9,53
489,1619,1,9,54
490,1643,1,9,55
491,1675,1,9,56
492,1708,1,9,57
493,1736,1,9,58
494,1783,1,9,59
495,1821,1,9,60
496,1831,1,9,61
497,1859,1,9,62
498,42,1,10,1
499,74,1,10,2
500,110,1,10,3
501,123,1,10,4
502,173,1,10,5
503,226,1,10,6
504,248,1,10,7
505,289,1,10,8
506,334,1,10,9
507,361,1,10,10
508,398,1,10,11
509,426,1,10,12
510,428,1,10,13
511,437,1,10,14
512,461,1,10,15
513,550,1,10,16
514,636,1,10,17
515,672,1,10,18
516,728,1,10,19
517,756,1,10,20
518,777,1,10,21
519,814,1,10,22
520,868,1,10,23
521,928,1,10,24
522,960,1,10,25
523,969,1,10,26
524,989,1,10,27
525,1002,1,10,28
526,1015,1,10,29
527,1028,1,10,30
528,1061,1,10,31
529,1090,1,10,32
530,1115,1,10,33
531,1152,1,10,34
532,1176,1,10,35
533,1195,1,10,36
534,1214,1,10,37
535,1255,1,10,38
536,1288,1,10,39
537,1300,1,10,40
538,1346,1,10,41
539,1402,1,10,42
540,1421,1,10,43
541,1456,1,10,44
542,1499,1,10,45
543,1535,1,10,46
544,1571,1,10,47
545,1597,1,10,48
546,1625,1,10,49
547,1663,1,10,50
548,1693,1,10,51
549,1716,1,10,52
550,1738,1,10,53
551,1764,1,10,54
552,1810,1,10,55
553,1856,1,10,56
554,39,1,11,1
555,57,1,11,2
556,90,1,11,3
557,116,1,11,4
558,132,1,11,5
559,144,1,11,6
560,159,1,11,7
561,175,1,11,8
562,189,1,11,9
563,207,1,11,10
564,246,1,11,11
565,276,1,11,12
566,290,1,11,13
567,307,1,11,14
568,322,1,11,15
569,348,1,11,16
570,371,1,11,17
571,405,1,11,18
572,436,1,11,19
573,479,1,11,20
574,527,1,11,21
575,568,1,11,22
576,593,1,11,23
577,610,1,11,24
578,633,1,11,25
579,647,1,11,26
580,684,1,11,27
581,713,1,11,28
582,723,1,11,29
583,748,1,11,30
584,762,1,11,31
585,778,1,11,32
586,788,1,11,33
587,799,1,11,34
588,824,1,11,35
589,844,1,11,36
590,864,1,11,37
591,883,1,11,38
592,902,1,11,39
593,953,1,11,40
594,990,1,11,41
595,1019,1,11,42
596,1053,1,11,43
597,1065,1,11,44
598,1077,1,11,45
599,1111,1,11,46
600,1151,1,11,47
601,1182,1,11,48
602,1200,1,11,49
603,1253,1,11,50
604,1313,1,11,51
605,1337,1,11,52
606,1362,1,11,53
607,1385,1,11,54
608,1407,1,11,55
609,1435,1,11,56
610,1468,1,11,57
611,1505,1,11,58
612,1570,1,11,59
613,1613,1,11,60
614,1628,1,11,61
615,1665,1,11,62
616,1717,1,11,63
617,1740,1,11,64
618,1784,1,11,65
619,1824,1,11,66
620,1852,1,11,67
621,28,1,12,1
622,43,1,12,2
623,69,1,12,3
624,104,1,12,4
625,133,1,12,5
626,165,1,12,6
627,205,1,12,7
628,249,1,12,8
629,293,1,12,9
630,319,1,12,10
631,347,1,12,11
632,360,1,12,12
633,373,1,12,13
634,406,1,12,14
635,451,1,12,15
636,495,1,12,16
637,560,1,12,17
638,631,1,12,18
639,663,1,12,19
640,687,1,12,20
641,720,1,12,21
642,744,1,12,22
643,754,1,12,23
644,785,1,12,24
645,808,1,12,25
646,843,1,12,26
647,875,1,12,27
648,889,1,12,28
649,923,1,12,29
650,974,1,12,30
651,1023,1,12,31
652,1064,1,12,32
653,1092,1,12,33
654,1131,1,12,34
655,1156,1,12,35
656,1166,1,12,36
657,1201,1,12,37
658,1243,1,12,38
659,1277,1,12,39
660,1309,1,12,40
661,1318,1,12,41
662,1335,1,12,42
663,1354,1,12,43
664,1392,1,12,44
665,1441,1,12,45
666,1466,1,12,46
667,1482,1,12,47
668,1508,1,12,48
669,1551,1,12,49
670,1594,1,12,50
671,1635,1,12,51
672,1679,1,12,52
673,1715,1,12,53
674,1724,1,12,54
675,1766,1,12,55
676,1832,1,12,56
677,19,1,13,1
678,51,1,13,2
679,80,1,13,3
680,101,1,13,4
681,140,1,13,5
682,188,1,13,6
683,213,1,13,7
684,241,1,13,8
685,253,1,13,9
686,277,1,13,10
687,331,1,13,11
688,378,1,13,12
689,432,1,13,13
690,468,1,13,14
691,499,1,13,15
692,535,1,13,16
693,595,1,13,17
694,639,1,13,18
695,677,1,13,19
696,735,1,13,20
697,761,1,13,21
698,793,1,13,22
699,863,1,13,23
700,913,1,13,24
701,944,1,13,25
702,977,1,13,26
703,1006,1,13,27
704,1045,1,13,28
705,1076,1,13,29
706,1104,1,13,30
707,1139,1,13,31
708,1189,1,13,32
709,1226,1,13,33
710,1254,1,13,34
711,1282,1,13,35
712,1306,1,13,36
713,1347,1,13,37
714,1403,1,13,38
715,1427,1,13,39
716,1458,1,13,40
717,1507,1,13,41
718,1541,1,13,42
719,1563,1,13,43
720,1604,1,13,44
721,1647,1,13,45
722,1658,1,13,46
723,1689,1,13,47
724,1718,1,13,48
725,1755,1,13,49
726,1790,1,13,50
727,1812,1,13,51
728,1844,1,13,52
729,17,1,14,1
730,46,1,14,2
731,86,1,14,3
732,117,1,14,4
733,176,1,14,5
734,229,1,14,6
735,259,1,14,7
736,288,1,14,8
737,321,1,14,9
738,359,1,14,10
739,382,1,14,11
740,397,1,14,12
741,430,1,14,13
742,488,1,14,14
743,519,1,14,15
744,531,1,14,16
745,561,1,14,17
746,577,1,14,18
747,619,1,14,19
748,661,1,14,20
749,691,1,14,21
750,743,1,14,22
751,789,1,14,23
752,804,1,14,24
753,830,1,14,25
754,854,1,14,26
755,881,1,14,27
756,930,1,14,28
757,984,1,14,29
758,1025,1,14,30
759,1054,1,14,31
760,1100,1,14,32
761,1161,1,14,33
762,1199,1,14,34
763,1225,1,14,35
764,1252,1,14,36
765,1292,1,14,37
766,1349,1,14,38
767,1376,1,14,39
768,1399,1,14,40
769,1429,1,14,41
770,1459,1,14,42
771,1492,1,14,43
772,1538,1,14,44
773,1568,1,14,45
774,1592,1,14,46
775,1609,1,14,47
776,1624,1,14,48
777,1652,1,14,49
778,1673,1,14,50
779,1706,1,14,51
780,1761,1,14,52
781,1788,1,14,53
782,1808,1,14,54
783,1837,1,14,55
784,1864,1,14,56
785,3,1,15,1
786,34,1,15,2
787,75,1,15,3
788,95,1,15,4
789,105,1,15,5
790,121,1,15,6
791,152,1,15,7
792,199,1,15,8
793,228,1,15,9
794,269,1,15,10
795,330,1,15,11
796,364,1,15,12
797,420,1,15,13
798,481,1,15,14
799,523,1,15,15
800,570,1,15,16
801,606,1,15,17
802,648,1,15,18
803,716,1,15,19
804,797,1,15,20
805,861,1,15,21
806,887,1,15,22
807,932,1,15,23
808,987,1,15,24
809,1031,1,15,25
810,1078,1,15,26
811,1113,1,15,27
812,1144,1,15,28
813,1171,1,15,29
814,1221,1,15,30
815,1261,1,15,31
816,1307,1,15,32
817,1321,1,15,33
818,1343,1,15,34
819,1388,1,15,35
820,1424,1,15,36
821,1444,1,15,37
822,1450,1,15,38
823,1469,1,15,39
824,1483,1,15,40
825,1501,1,15,41
826,1531,1,15,42
827,1561,1,15,43
828,1581,1,15,44
829,1601,1,15,45
830,1641,1,15,46
831,1660,1,15,47
832,1700,1,15,48
833,1741,1,15,49
834,1765,1,15,50
835,1773,1,15,51
836,1804,1,15,52
837,1849,1,15,53
838,1,1,16,1
839,10,1,16,2
840,21,1,16,3
841,44,1,16,4
842,84,1,16,5
843,126,1,16,6
844,163,1,16,7
845,208,1,16,8
846,237,1,16,9
847,261,1,16,10
848,287,1,16,11
849,329,1,16,12
850,363,1,16,13
851,394,1,16,14
852,425,1,16,15
853,462,1,16,16
854,494,1,16,17
855,507,1,16,18
856,547,1,16,19
857,599,1,16,20
858,630,1,16,21
859,659,1,16,22
860,699,1,16,23
861,741,1,16,24
862,774,1,16,25
863,821,1,16,26
864,846,1,16,27
865,873,1,16,28
866,909,1,16,29
867,933,1,16,30
868,964,1,16,31
869,1017,1,16,32
870,1057,1,16,33
871,1108,1,16,34
872,1162,1,16,35
873,1228,1,16,36
874,1263,1,16,37
875,1285,1,16,38
876,1316,1,16,39
877,1327,1,16,40
878,1358,1,16,41
879,1381,1,16,42
880,1419,1,16,43
881,1462,1,16,44
882,1478,1,16,45
883,1497,1,16,46
884,1521,1,16,47
885,1549,1,16,48
886,1576,1,16,49
887,1622,1,16,50
888,1674,1,16,51
889,1727,1,16,52
890,1750,1,16,53
891,1779,1,16,54
892,1811,1,16,55
893,1822,1,16,56
894,1851,1,16,57
895,16,1,17,1
896,49,1,17,2
897,66,1,17,3
898,78,1,17,4
899,122,1,17,5
900,197,1,17,6
901,245,1,17,7
902,263,1,17,8
903,292,1,17,9
904,317,1,17,10
905,346,1,17,11
906,379,1,17,12
907,409,1,17,13
908,455,1,17,14
909,497,1,17,15
910,540,1,17,16
911,573,1,17,17
912,588,1,17,18
913,607,1,17,19
914,642,1,17,20
915,676,1,17,21
916,700,1,17,22
917,721,1,17,23
918,772,1,17,24
919,840,1,17,25
920,878,1,17,26
921,903,1,17,27
922,916,1,17,28
923,938,1,17,29
924,981,1,17,30
925,1027,1,17,31
926,1059,1,17,32
927,1086,1,17,33
928,1118,1,17,34
929,1147,1,17,35
930,1184,1,17,36
931,1204,1,17,37
932,1239,1,17,38
933,1275,1,17,39
934,1304,1,17,40
935,1341,1,17,41
936,1387,1,17,42
937,1420,1,17,43
938,1457,1,17,44
939,1494,1,17,45
940,1543,1,17,46
941,1591,1,17,47
942,1617,1,17,48
943,1651,1,17,49
944,1695,1,17,50
945,1732,1,17,51
946,1743,1,17,52
947,1763,1,17,53
948,1775,1,17,54
949,1796,1,17,55
950,1853,1,17,56
951,7,1,18,1
952,31,1,18,2
953,40,1,18,3
954,55,1,18,4
955,73,1,18,5
956,88,1,18,6
957,107,1,18,7
958,130,1,18,8
959,178,1,18,9
960,219,1,18,10
961,235,1,18,11
962,268,1,18,12
963,301,1,18,13
964,316,1,18,14
965,342,1,18,15
966,380,1,18,16
967,413,1,18,17
968,448,1,18,18
969,460,1,18,19
970,491,1,18,20
971,529,1,18,21
972,569,1,18,22
973,615,1,18,23
974,657,1,18,24
975,675,1,18,25
976,701,1,18,26
977,752,1,18,27
978,792,1,18,28
979,826,1,18,29
980,882,1,18,30
981,942,1,18,31
982,983,1,18,32
983,1013,1,18,33
984,1050,1,18,34
985,1079,1,18,35
986,1107,1,18,36
987,1128,1,18,37
988,1163,1,18,38
989,1209,1,18,39
990,1229,1,18,40
991,1266,1,18,41
992,1308,1,18,42
993,1330,1,18,43
994,1353,1,18,44
995,1368,1,18,45
996,1382,1,18,46
997,1395,1,18,47
998,1415,1,18,48
999,1439,1,18,49
1000,1489,1,18,50
1001,1523,1,18,51
1002,1573,1,18,52
1003,1626,1,18,53
1004,1661,1,18,54
1005,1698,1,18,55
1006,1742,1,18,56
1007,1787,1,18,57
1008,1817,1,18,58
1009,1835,1,18,59
1010,1850,1,18,60
1011,1866,1,18,61
1012,13,1,19,1
1013,41,1,19,2
1014,70,1,19,3
1015,108,1,19,4
1016,131,1,19,5
1017,151,1,19,6
1018,184,1,19,7
1019,202,1,19,8
1020,234,1,19,9
1021,280,1,19,10
1022,312,1,19,11
1023,340,1,19,12
1024,362,1,19,13
1025,395,1,19,14
1026,417,1,19,15
1027,440,1,19,16
1028,463,1,19,17
1029,478,1,19,18
1030,493,1,19,19
1031,528,1,19,20
1032,564,1,19,21
1033,587,1,19,22
1034,608,1,19,23
1035,650,1,19,24
1036,712,1,19,25
1037,745,1,19,26
1038,770,1,19,27
1039,827,1,19,28
1040,900,1,19,29
1041,952,1,19,30
1042,993,1,19,31
1043,1034,1,19,32
1044,1058,1,19,33
1045,1088,1,19,34
1046,1110,1,19,35
1047,1122,1,19,36
1048,1130,1,19,37
1049,1157,1,19,38
1050,1205,1,19,39
1051,1242,1,19,40
1052,1268,1,19,41
1053,1293,1,19,42
1054,1334,1,19,43
1055,1373,1,19,44
1056,1414,1,19,45
1057,1446,1,19,46
1058,1485,1,19,47
1059,1514,1,19,48
1060,1548,1,19,49
1061,1589,1,19,50
1062,1634,1,19,51
1063,1676,1,19,52
1064,1713,1,19,53
1065,1746,1,19,54
1066,1781,1,19,55
1067,1813,1,19,56
1068,1846,1,19,57
1069,18,1,20,1
1070,60,1,20,2
1071,98,1,20,3
1072,156,1,20,4
1073,223,1,20,5
1074,314,1,20,6
1075,381,1,20,7
1076,424,1,20,8
1077,454,1,20,9
1078,476,1,20,10
1079,518,1,20,11
1080,548,1,20,12
1081,578,1,20,13
1082,609,1,20,14
1083,644,1,20,15
1084,680,1,20,16
1085,696,1,20,17
1086,726,1,20,18
1087,764,1,20,19
1088,805,1,20,20
1089,841,1,20,21
1090,857,1,20,22
1091,885,1,20,23
1092,915,1,20,24
1093,936,1,20,25
1094,958,1,20,26
1095,978,1,20,27
1096,1016,1,20,28
1097,1046,1,20,29
1098,1081,1,20,30
1099,1124,1,20,31
1100,1145,1,20,32
1101,1179,1,20,33
1102,1210,1,20,34
1103,1236,1,20,35
1104,1262,1,20,36
1105,1299,1,20,37
1106,1339,1,20,38
1107,1369,1,20,39
1108,1400,1,20,40
1109,1417,1,20,41
1110,1448,1,20,42
1111,1477,1,20,43
1112,1493,1,20,44
1113,1519,1,20,45
1114,1550,1,20,46
1115,1574,1,20,47
1116,1612,1,20,48
1117,1640,1,20,49
1118,1669,1,20,50
1119,1704,1,20,51
1120,1734,1,20,52
1121,1768,1,20,53
1122,1794,1,20,54
1123,1823,1,20,55
1124,1838,1,20,56
1125,1863,1,20,57
1126,2,1,21,1
1127,29,1,21,2
1128,61,1,21,3
1129,79,1,21,4
1130,102,1,21,5
1131,134,1,21,6
1132,169,1,21,7
1133,215,1,21,8
1134,252,1,21,9
1135,300,1,21,10
1136,365,1,21,11
1137,431,1,21,12
1138,480,1,21,13
1139,514,1,21,14
1140,539,1,21,15
1141,566,1,21,16
1142,592,1,21,17
1143,629,1,21,18
1144,674,1,21,19
1145,711,1,21,20
1146,759,1,21,21
1147,807,1,21,22
1148,838,1,21,23
1149,866,1,21,24
1150,893,1,21,25
1151,918,1,21,26
1152,945,1,21,27
1153,966,1,21,28
1154,1009,1,21,29
1155,1075,1,21,30
1156,1133,1,21,31
1157,1165,1,21,32
1158,1197,1,21,33
1159,1237,1,21,34
1160,1272,1,21,35
1161,1287,1,21,36
1162,1329,1,21,37
1163,1430,1,21,38
1164,1520,1,21,39
1165,1537,1,21,40
1166,1556,1,21,41
1167,1569,1,21,42
1168,1596,1,21,43
1169,1621,1,21,44
1170,1655,1,21,45
1171,1681,1,21,46
1172,1701,1,21,47
1173,1730,1,21,48
1174,1769,1,21,49
1175,1798,1,21,50
1176,1845,1,21,51
1177,9,1,22,1
1178,26,1,22,2
1179,36,1,22,3
1180,48,1,22,4
1181,64,1,22,5
1182,87,1,22,6
1183,119,1,22,7
1184,155,1,22,8
1185,201,1,22,9
1186,220,1,22,10
1187,257,1,22,11
1188,294,1,22,12
1189,318,1,22,13
1190,335,1,22,14
1191,353,1,22,15
1192,369,1,22,16
1193,399,1,22,17
1194,443,1,22,18
1195,482,1,22,19
1196,510,1,22,20
1197,525,1,22,21
1198,544,1,22,22
1199,567,1,22,23
1200,586,1,22,24
1201,603,1,22,25
1202,623,1,22,26
1203,645,1,22,27
1204,671,1,22,28
1205,683,1,22,29
1206,705,1,22,30
1207,725,1,22,31
1208,753,1,22,32
1209,786,1,22,33
1210,810,1,22,34
1211,835,1,22,35
1212,856,1,22,36
1213,876,1,22,37
1214,895,1,22,38
1215,914,1,22,39
1216,941,1,22,40
1217,970,1,22,41
1218,994,1,22,42
1219,1007,1,22,43
1220,1024,1,22,44
1221,1043,1,22,45
1222,1067,1,22,46
1223,1095,1,22,47
1224,1123,1,22,48
1225,1148,1,22,49
1226,1185,1,22,50
1227,1222,1,22,51
1228,1248,1,22,52
1229,1273,1,22,53
1230,1280,1,22,54
1231,1319,1,22,55
1232,1364,1,22,56
1233,1386,1,22,57
1234,1413,1,22,58
1235,1436,1,22,59
1236,1470,1,22,60
1237,1512,1,22,61
1238,1608,1,22,62
1239,1668,1,22,63
1240,1688,1,22,64
1241,1699,1,22,65
1242,1714,1,22,66
1243,1735,1,22,67
1244,1759,1,22,68
1245,1782,1,22,69
1246,1814,1,22,70
1247,1827,1,22,71
1248,1862,1,22,72
1249,8,1,23,1
1250,24,1,23,2
1251,37,1,23,3
1252,92,1,23,4
1253,177,1,23,5
1254,236,1,23,6
1255,296,1,23,7
1256,313,1,23,8
1257,332,1,23,9
1258,349,1,23,10
1259,427,1,23,11
1260,511,1,23,12
1261,534,1,23,13
1262,579,1,23,14
1263,626,1,23,15
1264,656,1,23,16
1265,686,1,23,17
1266,714,1,23,18
1267,730,1,23,19
1268,749,1,23,20
1269,768,1,23,21
1270,791,1,23,22
1271,806,1,23,23
1272,823,1,23,24
1273,848,1,23,25
1274,896,1,23,26
1275,926,1,23,27
1276,937,1,23,28
1277,982,1,23,29
1278,1042,1,23,30
1279,1082,1,23,31
1280,1098,1,23,32
1281,1121,1,23,33
1282,1143,1,23,34
1283,1178,1,23,35
1284,1212,1,23,36
1285,1224,1,23,37
1286,1260,1,23,38
1287,1302,1,23,39
1288,1324,1,23,40
1289,1344,1,23,41
1290,1356,1,23,42
1291,1380,1,23,43
1292,1411,1,23,44
1293,1443,1,23,45
1294,1490,1,23,46
1295,1510,1,23,47
1296,1534,1,23,48
1297,1564,1,23,49
1298,1588,1,23,50
1299,1614,1,23,51
1300,1644,1,23,52
1301,1653,1,23,53
1302,1678,1,23,54
1303,1748,1,23,55
1304,1780,1,23,56
1305,1807,1,23,57
1306,1825,1,23,58
1307,1841,1,23,59
1308,1868,1,23,60
1309,6,1,24,1
1310,33,1,24,2
1311,68,1,24,3
1312,112,1,24,4
1313,157,1,24,5
1314,183,1,24,6
1315,196,1,24,7
1316,214,1,24,8
1317,238,1,24,9
1318,264,1,24,10
1319,295,1,24,11
1320,333,1,24,12
1321,358,1,24,13
1322,376,1,24,14
1323,385,1,24,15
1324,404,1,24,16
1325,416,1,24,17
1326,438,1,24,18
1327,447,1,24,19
1328,464,1,24,20
1329,500,1,24,21
1330,524,1,24,22
1331,554,1,24,23
1332,581,1,24,24
1333,605,1,24,25
1334,638,1,24,26
1335,666,1,24,27
1336,703,1,24,28
1337,737,1,24,29
1338,763,1,24,30
1339,787,1,24,31
1340,825,1,24,32
1341,860,1,24,33
1342,894,1,24,34
1343,967,1,24,35
1344,1022,1,24,36
1345,1037,1,24,37
1346,1063,1,24,38
1347,1084,1,24,39
1348,1116,1,24,40
1349,1154,1,24,41
1350,1175,1,24,42
1351,1211,1,24,43
1352,1301,1,24,44
1353,1389,1,24,45
1354,1404,1,24,46
1355,1442,1,24,47
1356,1545,1,24,48
1357,1610,1,24,49
1358,1636,1,24,50
1359,1662,1,24,51
1360,1694,1,24,52
1361,1726,1,24,53
1362,1747,1,24,54
1363,1770,1,24,55
1364,1801,1,24,56
1365,1819,1,24,57
1366,1861,1,24,58
1367,22,1,25,1
1368,65,1,25,2
1369,89,1,25,3
1370,113,1,25,4
1371,146,1,25,5
1372,170,1,25,6
1373,212,1,25,7
1374,272,1,25,8
1375,298,1,25,9
1376,320,1,25,10
1377,356,1,25,11
1378,396,1,25,12
1379,423,1,25,13
1380,472,1,25,14
1381,516,1,25,15
1382,552,1,25,16
1383,571,1,25,17
1384,590,1,25,18
1385,617,1,25,19
1386,637,1,25,20
1387,660,1,25,21
1388,697,1,25,22
1389,727,1,25,23
1390,758,1,25,24
1391,783,1,25,25
1392,796,1,25,26
1393,818,1,25,27
1394,845,1,25,28
1395,870,1,25,29
1396,880,1,25,30
1397,906,1,25,31
1398,931,1,25,32
1399,965,1,25,33
1400,1001,1,25,34
1401,1020,1,25,35
1402,1051,1,25,36
1403,1085,1,25,37
1404,1105,1,25,38
1405,1114,1,25,39
1406,1138,1,25,40
1407,1164,1,25,41
1408,1206,1,25,42
1409,1244,1,25,43
1410,1274,1,25,44
1411,1297,1,25,45
1412,1322,1,25,46
1413,1350,1,25,47
1414,1372,1,25,48
1415,1394,1,25,49
1416,1425,1,25,50
1417,1464,1,25,51
1418,1495,1,25,52
1419,1529,1,25,53
1420,1555,1,25,54
1421,1583,1,25,55
1422,1615,1,25,56
1423,1633,1,25,57
1424,1646,1,25,58
1425,1671,1,25,59
1426,1702,1,25,60
1427,1712,1,25,61
1428,1744,1,25,62
1429,1786,1,25,63
1430,1806,1,25,64
1431,1816,1,25,65
1432,1830,1,25,66
1433,1842,1,25,67
1434,1854,1,25,68
1435,1869,1,25,69
1436,11,1,26,1
1437,32,1,26,2
1438,45,1,26,3
1439,50,1,26,4
1440,54,1,26,5
1441,77,1,26,6
1442,109,1,26,7
1443,129,1,26,8
1444,160,1,26,9
1445,198,1,26,10
1446,224,1,26,11
1447,251,1,26,12
1448,262,1,26,13
1449,286,1,26,14
1450,308,1,26,15
1451,354,1,26,16
1452,401,1,26,17
1453,418,1,26,18
1454,435,1,26,19
1455,465,1,26,20
1456,496,1,26,21
1457,515,1,26,22
1458,559,1,26,23
1459,597,1,26,24
1460,622,1,26,25
1461,664,1,26,26
1462,718,1,26,27
1463,738,1,26,28
1464,773,1,26,29
1465,812,1,26,30
1466,837,1,26,31
1467,874,1,26,32
1468,905,1,26,33
1469,925,1,26,34
1470,946,1,26,35
1471,988,1,26,36
1472,1029,1,26,37
1473,1070,1,26,38
1474,1129,1,26,39
1475,1180,1,26,40
1476,1219,1,26,41
1477,1227,1,26,42
1478,1235,1,26,43
1479,1250,1,26,44
1480,1259,1,26,45
1481,1279,1,26,46
1482,1303,1,26,47
1483,1314,1,26,48
1484,1328,1,26,49
1485,1357,1,26,50
1486,1379,1,26,51
1487,1410,1,26,52
1488,1447,1,26,53
1489,1475,1,26,54
1490,1516,1,26,55
1491,1546,1,26,56
1492,1578,1,26,57
1493,1618,1,26,58
1494,1639,1,26,59
1495,1670,1,26,60
1496,1705,1,26,61
1497,1719,1,26,62
1498,1733,1,26,63
1499,1752,1,26,64
1500,1771,1,26,65
1501,1797,1,26,66
1502,1848,1,26,67
1503,4,1,27,1
1504,23,1,27,2
1505,47,1,27,3
1506,63,1,27,4
1507,72,1,27,5
1508,82,1,27,6
1509,97,1,27,7
1510,120,1,27,8
1511,154,1,27,9
1512,185,1,27,10
1513,210,1,27,11
1514,247,1,27,12
1515,285,1,27,13
1516,315,1,27,14
1517,355,1,27,15
1518,402,1,27,16
1519,411,1,27,17
1520,449,1,27,18
1521,484,1,27,19
1522,501,1,27,20
1523,530,1,27,21
1524,583,1,27,22
1525,627,1,27,23
1526,654,1,27,24
1527,679,1,27,25
1528,702,1,27,26
1529,715,1,27,27
1530,755,1,27,28
1531,816,1,27,29
1532,852,1,27,30
1533,884,1,27,31
1534,912,1,27,32
1535,943,1,27,33
1536,975,1,27,34
1537,999,1,27,35
1538,1044,1,27,36
1539,1080,1,27,37
1540,1093,1,27,38
1541,1126,1,27,39
1542,1187,1,27,40
1543,1231,1,27,41
1544,1251,1,27,42
1545,1284,1,27,43
1546,1333,1,27,44
1547,1361,1,27,45
1548,1375,1,27,46
1549,1390,1,27,47
1550,1408,1,27,48
1551,1445,1,27,49
1552,1487,1,27,50
1553,1525,1,27,51
1554,1572,1,27,52
1555,1629,1,27,53
1556,1667,1,27,54
1557,1697,1,27,55
1558,1720,1,27,56
1559,1758,1,27,57
1560,1791,1,27,58
1561,1802,1,27,59
1562,1815,1,27,60
1563,1829,1,27,61
1564,1855,1,27,62
1565,1871,1,27,63
1566,15,1,28,1
1567,35,1,28,2
1568,58,1,28,3
1569,100,1,28,4
1570,124,1,28,5
1571,147,1,28,6
1572,182,1,28,7
1573,230,1,28,8
1574,274,1,28,9
1575,297,1,28,10
1576,339,1,28,11
1577,375,1,28,12
1578,386,1,28,13
1579,414,1,28,14
1580,452,1,28,15
1581,477,1,28,16
1582,503,1,28,17
1583,520,1,28,18
1584,532,1,28,19
1585,557,1,28,20
1586,574,1,28,21
1587,589,1,28,22
1588,602,1,28,23
1589,621,1,28,24
1590,651,1,28,25
1591,681,1,28,26
1592,709,1,28,27
1593,736,1,28,28
1594,767,1,28,29
1595,798,1,28,30
1596,819,1,28,31
1597,834,1,28,32
1598,847,1,28,33
1599,867,1,28,34
1600,886,1,28,35
1601,917,1,28,36
1602,954,1,28,37
1603,973,1,28,38
1604,995,1,28,39
1605,1010,1,28,40
1606,1026,1,28,41
1607,1056,1,28,42
1608,1101,1,28,43
1609,1135,1,28,44
1610,1153,1,28,45
1611,1190,1,28,46
1612,1220,1,28,47
1613,1240,1,28,48
1614,1267,1,28,49
1615,1294,1,28,50
1616,1332,1,28,51
1617,1363,1,28,52
1618,1374,1,28,53
1619,1398,1,28,54
1620,1432,1,28,55
1621,1476,1,28,56
1622,1522,1,28,57
1623,1562,1,28,58
1624,1582,1,28,59
1625,1598,1,28,60
1626,1630,1,28,61
1627,1657,1,28,62
1628,1692,1,28,63
1629,1756,1,28,64
1630,1800,1,28,65
1631,1843,1,28,66
1632,1872,1,28,67
1633,20,1,29,1
1634,56,1,29,2
1635,91,1,29,3
1636,106,1,29,4
1637,141,1,29,5
1638,161,1,29,6
1639,179,1,29,7
1640,203,1,29,8
1641,242,1,29,9
1642,260,1,29,10
1643,282,1,29,11
1644,323,1,29,12
1645,351,1,29,13
1646,372,1,29,14
1647,403,1,29,15
1648,422,1,29,16
1649,444,1,29,17
1650,458,1,29,18
1651,470,1,29,19
1652,483,1,29,20
1653,506,1,29,21
1654,549,1,29,22
1655,604,1,29,23
1656,643,1,29,24
1657,690,1,29,25
1658,717,1,29,26
1659,734,1,29,27
1660,757,1,29,28
1661,781,1,29,29
1662,800,1,29,30
1663,809,1,29,31
1664,851,1,29,32
1665,907,1,29,33
1666,929,1,29,34
1667,955,1,29,35
1668,986,1,29,36
1669,1004,1,29,37
1670,1047,1,29,38
1671,1094,1,29,39
1672,1134,1,29,40
1673,1198,1,29,41
1674,1245,1,29,42
1675,1342,1,29,43
1676,1418,1,29,44
1677,1431,1,29,45
1678,1452,1,29,46
1679,1467,1,29,47
1680,1498,1,29,48
1681,1526,1,29,49
1682,1558,1,29,50
1683,1593,1,29,51
1684,1605,1,29,52
1685,1638,1,29,53
1686,1684,1,29,54
1687,1725,1,29,55
1688,1749,1,29,56
1689,1772,1,29,57
1690,1789,1,29,58
1691,1809,1,29,59
1692,1828,1,29,60
1693,1867,1,29,61
1694,12,1,30,1
1695,30,1,30,2
1696,52,1,30,3
1697,94,1,30,4
1698,143,1,30,5
1699,164,1,30,6
1700,190,1,30,7
1701,222,1,30,8
1702,255,1,30,9
1703,278,1,30,10
1704,303,1,30,11
1705,325,1,30,12
1706,345,1,30,13
1707,368,1,30,14
1708,377,1,30,15
1709,389,1,30,16
1710,429,1,30,17
1711,485,1,30,18
1712,546,1,30,19
1713,594,1,30,20
1714,625,1,30,21
1715,649,1,30,22
1716,670,1,30,23
1717,688,1,30,24
1718,710,1,30,25
1719,740,1,30,26
1720,751,1,30,27
1721,780,1,30,28
1722,802,1,30,29
1723,836,1,30,30
1724,871,1,30,31
1725,890,1,30,32
1726,921,1,30,33
1727,950,1,30,34
1728,963,1,30,35
1729,980,1,30,36
1730,1003,1,30,37
1731,1036,1,30,38
1732,1055,1,30,39
1733,1073,1,30,40
1734,1103,1,30,41
1735,1136,1,30,42
1736,1155,1,30,43
1737,1183,1,30,44
1738,1208,1,30,45
1739,1247,1,30,46
1740,1281,1,30,47
1741,1305,1,30,48
1742,1323,1,30,49
1743,1351,1,30,50
1744,1367,1,30,51
1745,1397,1,30,52
1746,1437,1,30,53
1747,1463,1,30,54
1748,1480,1,30,55
1749,1504,1,30,56
1750,1532,1,30,57
1751,1567,1,30,58
1752,1602,1,30,59
1753,1627,1,30,60
1754,1659,1,30,61
1755,1683,1,30,62
1756,1731,1,30,63
1757,1778,1,30,64
1758,1818,1,30,65
1759,1865,1,30,66
1760,25,1,31,1
1761,67,1,31,2
1762,93,1,31,3
1763,114,1,31,4
1764,145,1,31,5
1765,172,1,31,6
1766,192,1,31,7
1767,211,1,31,8
1768,244,1,31,9
1769,275,1,31,10
1770,291,1,31,11
1771,311,1,31,12
1772,344,1,31,13
1773,370,1,31,14
1774,393,1,31,15
1775,410,1,31,16
1776,442,1,31,17
1777,466,1,31,18
1778,492,1,31,19
1779,522,1,31,20
1780,537,1,31,21
1781,556,1,31,22
1782,582,1,31,23
1783,614,1,31,24
1784,658,1,31,25
1785,729,1,31,26
1786,766,1,31,27
1787,795,1,31,28
1788,817,1,31,29
1789,833,1,31,30
1790,865,1,31,31
1791,897,1,31,32
1792,935,1,31,33
1793,985,1,31,34
1794,1014,1,31,35
1795,1035,1,31,36
1796,1068,1,31,37
1797,1097,1,31,38
1798,1120,1,31,39
1799,1150,1,31,40
1800,1167,1,31,41
1801,1193,1,31,42
1802,1215,1,31,43
1803,1257,1,31,44
1804,1312,1,31,45
1805,1359,1,31,46
1806,1393,1,31,47
1807,1453,1,31,48
1808,1518,1,31,49
1809,1536,1,31,50
1810,1554,1,31,51
1811,1560,1,31,52
1812,1603,1,31,53
1813,1650,1,31,54
1814,1672,1,31,55
1815,1696,1,31,56
1816,1709,1,31,57
1817,1737,1,31,58
1818,1767,1,31,59
1819,1799,1,31,60
1820,1834,1,31,61
1821,1860,1,31,62
1822,1873,1,31,63
1823,5,1,32,1
1824,14,1,32,2
1825,27,1,32,3
1826,38,1,32,4
1827,62,1,32,5
1828,85,1,32,6
1829,128,1,32,7
1830,142,1,32,8
1831,180,1,32,9
1832,200,1,32,10
1833,233,1,32,11
1834,271,1,32,12
1835,324,1,32,13
1836,407,1,32,14
1837,489,1,32,15
1838,538,1,32,16
1839,565,1,32,17
1840,601,1,32,18
1841,635,1,32,19
1842,673,1,32,20
1843,731,1,32,21
1844,784,1,32,22
1845,853,1,32,23
1846,924,1,32,24
1847,957,1,32,25
1848,1000,1,32,26
1849,1038,1,32,27
1850,1052,1,32,28
1851,1109,1,32,29
1852,1174,1,32,30
1853,1192,1,32,31
1854,1241,1,32,32
1855,1291,1,32,33
1856,1311,1,32,34
1857,1352,1,32,35
1858,1401,1,32,36
1859,1422,1,32,37
1860,1454,1,32,38
1861,1496,1,32,39
1862,1528,1,32,40
1863,1580,1,32,41
1864,1637,1,32,42
1865,1687,1,32,43
1866,1745,1,32,44
1867,1795,1,32,45
1868,1870,1,32,46
,,,,
,,,,
,,,,
,,,,
,,,,
,,,,
,,,,
,,,,
,,,,
,,,,
,,,,
,,,,
,,,,
,,,,
,,,,
,,,,
,,,,
,,,,
,,,,
,,,,
,,,,
,,,,
,,,,
,,,,
,,,,
,,,,
,,,,
,,,,
,,,,
,,,,
,,,,
,,,,
,,,,
,,,,
,,,,
,,,,
,,,,
,,,,
,,,,
,,,,
,,,,
,,,,
,,,,
,,,,
,,,,
,,,,
,,,,
,,,,
,,,,
,,,,
,,,,
,,,,
,,,,
,,,,
,,,,
,,,,
,,,,
,,,,
,,,,
,,,,
,,,,
,,,,
,,,,
,,,,
,,,,
,,,,
,,,,
,,,,
,,,,
,,,,
,,,,
,,,,
,,,,
,,,,
,,,,
,,,,
,,,,
,,,,
,,,,
,,,,
,,,,
,,,,
,,,,
,,,,
,,,,
,,,,
,,,,
,,,,
,,,,
,,,,
,,,,
,,,,
,,,,
,,,,
,,,,
,,,,
,,,,
,,,,
,,,,
,,,,
,,,,
,,,,
,,,,
,,,,
,,,,
,,,,
,,,,
,,,,
,,,,
,,,,
,,,,
,,,,
,,,,
,,,,
,,,,
,,,,
,,,,
,,,,
,,,,
,,,,
,,,,
,,,,
,,,,
,,,,
,,,,
,,,,
,,,,
,,,,
,,,,
,,,,
,,,,
,,,,
,,,,
,,,,
,,,,
,,,,
,,,,
,,,,
,,,,
,,,,
,,,,
,,,,
,,,,
,,,,
,,,,
,,,,
,,,,
,,,,
,,,,
,,,,
,,,,
,,,,
,,,,
,,,,
,,,,
,,,,
,,,,
,,,,
,,,,
,,,,
,,,,
,,,,
,,,,
,,,,
,,,,
,,,,
,,,,
,,,,
,,,,
,,,,
,,,,
,,,,
,,,,
,,,,
,,,,
,,,,
,,,,
,,,,
,,,,
,,,,
,,,,
,,,,
,,,,
,,,,
,,,,
,,,,
,,,,
,,,,
,,,,
,,,,
,,,,
,,,,
,,,,
,,,,
,,,,
,,,,
,,,,
,,,,
,,,,
,,,,
,,,,
,,,,
,,,,
,,,,
,,,,
,,,,
,,,,
,,,,
,,,,
,,,,
,,,,
,,,,
,,,,
,,,,
,,,,
,,,,
,,,,
,,,,
,,,,
,,,,
,,,,
,,,,
,,,,
,,,,
,,,,
,,,,
,,,,
,,,,
,,,,
,,,,
,,,,
,,,,
,,,,
,,,,
,,,,
,,,,
,,,,
,,,,
,,,,
,,,,
,,,,
,,,,
,,,,
,,,,
,,,,
,,,,
,,,,
,,,,
,,,,
,,,,
,,,,
,,,,
,,,,
,,,,
,,,,
,,,,
,,,,
,,,,
,,,,
,,,,
,,,,
,,,,
,,,,
,,,,
,,,,
,,,,
,,,,
,,,,
,,,,
,,,,
,,,,
,,,,
,,,,
,,,,
,,,,
,,,,
,,,,
,,,,
,,,,
,,,,
,,,,
,,,,
,,,,
,,,,
,,,,
,,,,
,,,,
,,,,
,,,,
,,,,
,,,,
,,,,
,,,,
,,,,
,,,,
,,,,
,,,,
,,,,
,,,,
,,,,
,,,,
,,,,
,,,,
,,,,
,,,,
,,,,
,,,,
,,,,
,,,,
,,,,
,,,,
,,,,
,,,,
,,,,
,,,,
,,,,
,,,,
,,,,
,,,,
,,,,
,,,,
,,,,
,,,,
,,,,
,,,,
,,,,
,,,,
,,,,
,,,,
,,,,
,,,,
,,,,
,,,,
,,,,
,,,,
,,,,
,,,,
,,,,
,,,,
,,,,
,,,,
,,,,
,,,,
,,,,
,,,,
,,,,
,,,,
,,,,
,,,,
,,,,
,,,,
,,,,
,,,,
,,,,
,,,,
,,,,
,,,,
,,,,
,,,,
,,,,
,,,,
,,,,
,,,,
,,,,
,,,,
,,,,
,,,,
,,,,
,,,,
,,,,
,,,,
,,,,
,,,,
,,,,
,,,,
,,,,
,,,,
,,,,
,,,,
,,,,
,,,,
,,,,
,,,,
,,,,
,,,,
,,,,
,,,,
,,,,
,,,,
,,,,
,,,,
,,,,
,,,,
,,,,
,,,,
,,,,
,,,,
,,,,
,,,,
,,,,
,,,,
,,,,
,,,,
,,,,
,,,,
,,,,
,,,,
,,,,
,,,,
,,,,
,,,,
,,,,
,,,,
,,,,
,,,,
,,,,
,,,,
,,,,
,,,,
,,,,
,,,,
,,,,
,,,,
,,,,
,,,,
,,,,
,,,,
,,,,
,,,,
,,,,
,,,,
,,,,
,,,,
,,,,
,,,,
,,,,
,,,,
,,,,
,,,,
,,,,
,,,,
,,,,
,,,,
,,,,
,,,,
,,,,
,,,,
,,,,
,,,,
,,,,
,,,,
,,,,
,,,,
,,,,
,,,,
,,,,
,,,,
,,,,
,,,,
,,,,
,,,,
,,,,
,,,,
,,,,
,,,,
,,,,
,,,,
,,,,
,,,,
,,,,
,,,,
,,,,
,,,,
,,,,
,,,,
,,,,
,,,,
,,,,
,,,,
,,,,
,,,,
,,,,
,,,,
,,,,
,,,,
,,,,
,,,,
,,,,
,,,,
,,,,
,,,,
,,,,
,,,,
,,,,
,,,,
,,,,
,,,,
,,,,
,,,,
,,,,
,,,,
,,,,
,,,,
,,,,
,,,,
,,,,
,,,,
,,,,
,,,,
,,,,
,,,,
,,,,
,,,,
,,,,
,,,,
,,,,
,,,,
,,,,
,,,,
,,,,
,,,,
,,,,
,,,,
,,,,
,,,,
,,,,
,,,,
,,,,
,,,,
,,,,
,,,,
,,,,
,,,,
,,,,
,,,,
,,,,
,,,,
,,,,
,,,,
,,,,
,,,,
,,,,
,,,,
,,,,
,,,,
,,,,
,,,,
,,,,
,,,,
,,,,
,,,,
,,,,
,,,,
,,,,
,,,,
,,,,
,,,,
,,,,
,,,,
,,,,
,,,,
,,,,
,,,,
,,,,
,,,,
,,,,
,,,,
,,,,
,,,,
,,,,
,,,,
,,,,
,,,,
,,,,
,,,,
,,,,
,,,,
,,,,
,,,,
,,,,
,,,,
,,,,
,,,,
,,,,
,,,,
,,,,
,,,,
,,,,
,,,,
,,,,
,,,,
,,,,
,,,,
,,,,
,,,,
,,,,
,,,,
,,,,
,,,,
,,,,
,,,,
,,,,
,,,,
,,,,
,,,,
,,,,
,,,,
,,,,
,,,,
,,,,
,,,,
,,,,
,,,,
,,,,
,,,,
,,,,
,,,,
,,,,
,,,,
,,,,
,,,,
,,,,
,,,,
,,,,
,,,,
,,,,
,,,,
,,,,
,,,,
,,,,
,,,,
,,,,
,,,,
,,,,
,,,,
,,,,
,,,,
,,,,
,,,,
,,,,
,,,,
,,,,
,,,,
,,,,
,,,,
,,,,
,,,,
,,,,
,,,,
,,,,
,,,,
,,,,
,,,,
,,,,
,,,,
,,,,
,,,,
,,,,
,,,,
,,,,
,,,,
,,,,
,,,,
,,,,
,,,,
,,,,
,,,,
,,,,
,,,,
,,,,
,,,,
,,,,
,,,,
,,,,
,,,,
,,,,
,,,,
,,,,
,,,,
,,,,
,,,,
,,,,
,,,,
,,,,
,,,,
,,,,
,,,,
,,,,
,,,,
,,,,
,,,,
,,,,
,,,,
,,,,
,,,,
,,,,
,,,,
,,,,
,,,,
,,,,
,,,,
,,,,
,,,,
,,,,
,,,,
,,,,
,,,,
,,,,
,,,,
,,,,
,,,,
,,,,
,,,,
,,,,
,,,,
,,,,
,,,,
,,,,
,,,,
,,,,
,,,,
,,,,
,,,,
,,,,
,,,,
,,,,
,,,,
,,,,
,,,,
,,,,
,,,,
,,,,
,,,,
,,,,
,,,,
,,,,
,,,,
,,,,
,,,,
,,,,
,,,,
,,,,
,,,,
,,,,
,,,,
,,,,
,,,,
,,,,
,,,,
,,,,
,,,,
,,,,
,,,,
,,,,
,,,,
,,,,
,,,,
,,,,
,,,,
,,,,
,,,,
,,,,
,,,,
,,,,
,,,,
,,,,
,,,,
,,,,
,,,,
,,,,
,,,,
,,,,
,,,,
,,,,
,,,,
,,,,
,,,,
,,,,
,,,,
,,,,
,,,,
,,,,
,,,,
,,,,
,,,,
,,,,
,,,,
,,,,
,,,,
,,,,
,,,,
,,,,
,,,,
,,,,
,,,,
,,,,
,,,,
,,,,
,,,,
,,,,
,,,,
,,,,
,,,,
,,,,
,,,,
,,,,
,,,,
,,,,
,,,,
,,,,
,,,,
,,,,
,,,,
,,,,
,,,,
,,,,
,,,,
,,,,
,,,,
,,,,
,,,,
,,,,
,,,,
,,,,
,,,,
,,,,
,,,,
,,,,
,,,,
,,,,
,,,,
,,,,
,,,,
,,,,
,,,,
,,,,
,,,,
,,,,
,,,,
,,,,
,,,,
,,,,
,,,,
,,,,
,,,,
,,,,
,,,,
,,,,
,,,,
,,,,
,,,,
,,,,
,,,,
,,,,
,,,,
,,,,
,,,,
,,,,
,,,,
,,,,
,,,,
,,,,
,,,,
,,,,
,,,,
,,,,
,,,,
,,,,
,,,,
,,,,
,,,,
,,,,
,,,,
,,,,
,,,,
,,,,
,,,,
,,,,
,,,,
,,,,
,,,,
,,,,
,,,,
,,,,
,,,,
,,,,
,,,,
,,,,
,,,,
,,,,
,,,,
,,,,
,,,,
,,,,
,,,,
,,,,
,,,,
,,,,
,,,,
,,,,
,,,,
,,,,
,,,,
,,,,
,,,,
,,,,
,,,,
,,,,
,,,,
,,,,
,,,,
,,,,
,,,,
,,,,
,,,,
,,,,
,,,,
,,,,
,,,,
,,,,
,,,,
,,,,
,,,,
,,,,
,,,,
,,,,
,,,,
,,,,
,,,,
,,,,
,,,,
,,,,
,,,,
,,,,
,,,,
,,,,
,,,,
,,,,
,,,,
,,,,
,,,,
,,,,
,,,,
,,,,
,,,,
,,,,
,,,,
,,,,
,,,,
,,,,
,,,,
,,,,
,,,,
,,,,
,,,,
,,,,
,,,,
,,,,
,,,,
,,,,
,,,,
,,,,
,,,,
,,,,
,,,,
,,,,
,,,,
,,,,
,,,,
,,,,
,,,,
,,,,
,,,,
,,,,
,,,,
,,,,
,,,,
,,,,
,,,,
,,,,
,,,,
,,,,
,,,,
,,,,
,,,,
,,,,
,,,,
,,,,
,,,,
,,,,
,,,,
,,,,
,,,,
,,,,
,,,,
,,,,
,,,,
,,,,
,,,,
,,,,
,,,,
,,,,
,,,,
,,,,
,,,,
,,,,
,,,,
,,,,
,,,,
,,,,
,,,,
,,,,
,,,,
,,,,
,,,,
,,,,
,,,,
,,,,
,,,,
,,,,
,,,,
,,,,
,,,,
,,,,
,,,,
,,,,
,,,,
,,,,
,,,,
,,,,
,,,,
,,,,
,,,,
,,,,
,,,,
,,,,
,,,,
,,,,
,,,,
,,,,
,,,,
,,,,
,,,,
,,,,
,,,,
,,,,
,,,,
,,,,
,,,,
,,,,
,,,,
,,,,
,,,,
,,,,
,,,,
,,,,
,,,,
,,,,
,,,,
,,,,
,,,,
,,,,
,,,,
,,,,
,,,,
,,,,
,,,,
,,,,
,,,,
,,,,
,,,,
,,,,
,,,,
,,,,
,,,,
,,,,
,,,,
,,,,
,,,,
,,,,
,,,,
,,,,
,,,,
,,,,
,,,,
,,,,
,,,,
,,,,
,,,,
,,,,
,,,,
,,,,
,,,,
,,,,
,,,,
,,,,
,,,,
,,,,
,,,,
,,,,
,,,,
,,,,
,,,,
,,,,
,,,,
,,,,
,,,,
,,,,
,,,,
,,,,
,,,,
,,,,
,,,,
,,,,
,,,,
,,,,
,,,,
,,,,
,,,,
,,,,
,,,,
,,,,
,,,,
,,,,
,,,,
,,,,
,,,,
,,,,
,,,,
,,,,
,,,,
,,,,
,,,,
,,,,
,,,,
,,,,
,,,,
,,,,
,,,,
,,,,
,,,,
,,,,
,,,,
,,,,
,,,,
,,,,
,,,,
,,,,
,,,,
,,,,
,,,,
,,,,
,,,,
,,,,
,,,,
,,,,
,,,,
,,,,
,,,,
,,,,
,,,,
,,,,
,,,,
,,,,
,,,,
,,,,
,,,,
,,,,
,,,,
,,,,
,,,,
,,,,
,,,,
,,,,
,,,,
,,,,
,,,,
,,,,
,,,,
,,,,
,,,,
,,,,
,,,,
,,,,
,,,,
,,,,
,,,,
,,,,
,,,,
,,,,
,,,,
,,,,
,,,,
,,,,
,,,,
,,,,
,,,,
,,,,
,,,,
,,,,
,,,,
,,,,
,,,,
,,,,
,,,,
,,,,
,,,,
,,,,
,,,,
,,,,
,,,,
,,,,
,,,,
,,,,
,,,,
,,,,
,,,,
,,,,
,,,,
,,,,
,,,,
,,,,
,,,,
,,,,
,,,,
,,,,
,,,,
,,,,
,,,,
,,,,
,,,,
,,,,
,,,,
,,,,
,,,,
,,,,
,,,,
,,,,
,,,,
,,,,
,,,,
,,,,
,,,,
,,,,
,,,,
,,,,
,,,,
,,,,
,,,,
,,,,
,,,,
,,,,
,,,,
,,,,
,,,,
,,,,
,,,,
,,,,
,,,,
,,,,
,,,,
,,,,
,,,,
,,,,
,,,,
,,,,
,,,,
,,,,
,,,,
,,,,
,,,,
,,,,
,,,,
,,,,
,,,,
,,,,
,,,,
,,,,
,,,,
,,,,
,,,,
,,,,
,,,,
,,,,
,,,,
,,,,
,,,,
,,,,
,,,,
,,,,
,,,,
,,,,
,,,,
,,,,
,,,,
,,,,
,,,,
,,,,
,,,,
,,,,
,,,,
,,,,
,,,,
,,,,
,,,,
,,,,
,,,,
,,,,
,,,,
,,,,
,,,,
,,,,
,,,,
,,,,
,,,,
,,,,
,,,,
,,,,
,,,,
,,,,
,,,,
,,,,
,,,,
,,,,
,,,,
,,,,
,,,,
,,,,
,,,,
,,,,
,,,,
,,,,
,,,,
,,,,
,,,,
,,,,
,,,,
,,,,
,,,,
,,,,
,,,,
,,,,
,,,,
,,,,
,,,,
,,,,
,,,,
,,,,
,,,,
,,,,
,,,,
,,,,
,,,,
,,,,
,,,,
,,,,
,,,,
,,,,
,,,,
,,,,
,,,,
,,,,
,,,,
,,,,
,,,,
,,,,
,,,,
,,,,
,,,,
,,,,
,,,,
,,,,
,,,,
,,,,
,,,,
,,,,
,,,,
,,,,
,,,,
,,,,
,,,,
,,,,
,,,,
,,,,
,,,,
,,,,
,,,,
,,,,
,,,,
,,,,
,,,,
,,,,
,,,,
,,,,
,,,,
,,,,
,,,,
,,,,
,,,,
,,,,
,,,,
,,,,
,,,,
,,,,
,,,,
,,,,
,,,,
,,,,
,,,,
,,,,
,,,,
,,,,
,,,,
,,,,
,,,,
,,,,
,,,,
,,,,
,,,,
,,,,
,,,,
,,,,
,,,,
,,,,
,,,,
,,,,
,,,,
,,,,
,,,,
,,,,
,,,,
,,,,
,,,,
,,,,
,,,,
,,,,
,,,,
,,,,
,,,,
,,,,
,,,,
,,,,
,,,,
,,,,
,,,,
,,,,
,,,,
,,,,
,,,,
,,,,
,,,,
,,,,
,,,,
,,,,
,,,,
,,,,
,,,,
,,,,
,,,,
,,,,
,,,,
,,,,
,,,,
,,,,
,,,,
,,,,
,,,,
,,,,
,,,,
,,,,
,,,,
,,,,
,,,,
,,,,
,,,,
,,,,
,,,,
,,,,
,,,,
,,,,
,,,,
,,,,
,,,,
,,,,
,,,,
,,,,
,,,,
,,,,
,,,,
,,,,
,,,,
,,,,
,,,,
,,,,
,,,,
,,,,
,,,,
,,,,
,,,,
,,,,
,,,,
,,,,
,,,,
,,,,
,,,,
,,,,
,,,,
,,,,
,,,,
,,,,
,,,,
,,,,
,,,,
,,,,
,,,,
,,,,
,,,,
,,,,
,,,,
,,,,
,,,,
,,,,
,,,,
,,,,
,,,,
,,,,
,,,,
,,,,
,,,,
,,,,
,,,,
,,,,
,,,,
,,,,
,,,,
,,,,
,,,,
,,,,
,,,,
,,,,
,,,,
,,,,
,,,,
,,,,
,,,,
,,,,
,,,,
,,,,
,,,,
,,,,
,,,,
,,,,
,,,,
,,,,
,,,,
,,,,
,,,,
,,,,
,,,,
,,,,
,,,,
,,,,
,,,,
,,,,
,,,,
,,,,
,,,,
,,,,
,,,,
,,,,
,,,,
,,,,
,,,,
,,,,
,,,,
,,,,
,,,,
,,,,
,,,,
,,,,
,,,,
,,,,
,,,,
,,,,
,,,,
,,,,
,,,,
,,,,
,,,,
,,,,
,,,,
,,,,
,,,,
,,,,
,,,,
,,,,
,,,,
,,,,
,,,,
,,,,
,,,,
,,,,
,,,,
,,,,
,,,,
,,,,
,,,,
,,,,
,,,,
,,,,
,,,,
,,,,
,,,,
,,,,
,,,,
,,,,
,,,,
,,,,
,,,,
,,,,
,,,,
,,,,
,,,,
,,,,
,,,,
,,,,
,,,,
,,,,
,,,,
,,,,
,,,,
,,,,
,,,,
,,,,
,,,,
,,,,
,,,,
,,,,
,,,,
,,,,
,,,,
,,,,
,,,,
,,,,
,,,,
,,,,
,,,,
,,,,
,,,,
,,,,
,,,,
,,,,
,,,,
,,,,
,,,,
,,,,
,,,,
,,,,
,,,,
,,,,
,,,,
,,,,
,,,,
,,,,
,,,,
,,,,
,,,,
,,,,
,,,,
,,,,
,,,,
,,,,
,,,,
,,,,
,,,,
,,,,
,,,,
,,,,
,,,,
,,,,
,,,,
,,,,
,,,,
,,,,
,,,,
,,,,
,,,,
,,,,
,,,,
,,,,
,,,,
,,,,
,,,,
,,,,
,,,,
,,,,
,,,,
,,,,
,,,,
,,,,
,,,,
,,,,
,,,,
,,,,
,,,,
,,,,
,,,,
,,,,
,,,,
,,,,
,,,,
,,,,
,,,,
,,,,
,,,,
,,,,
,,,,
,,,,
,,,,
,,,,
,,,,
,,,,
,,,,
,,,,
,,,,
,,,,
,,,,
,,,,
,,,,
,,,,
,,,,
,,,,
,,,,
,,,,
,,,,
,,,,
,,,,
,,,,
,,,,
,,,,
,,,,
,,,,
,,,,
,,,,
,,,,
,,,,
,,,,
,,,,
,,,,
,,,,
,,,,
,,,,
,,,,
,,,,
,,,,
,,,,
,,,,
,,,,
,,,,
,,,,
,,,,
,,,,
,,,,
,,,,
,,,,
,,,,
,,,,
,,,,
,,,,
,,,,
,,,,
,,,,
,,,,
,,,,
,,,,
,,,,
,,,,
,,,,
,,,,
,,,,
,,,,
,,,,
,,,,
,,,,
,,,,
,,,,
,,,,
,,,,
,,,,
,,,,
,,,,
,,,,
,,,,
,,,,
,,,,
,,,,
,,,,
,,,,
,,,,
,,,,
,,,,
,,,,
,,,,
,,,,
,,,,
,,,,
,,,,
,,,,
,,,,
,,,,
,,,,
,,,,
,,,,
,,,,
,,,,
,,,,
,,,,
,,,,
,,,,
,,,,
,,,,
,,,,
,,,,
,,,,
,,,,
,,,,
,,,,
,,,,
,,,,
,,,,
,,,,
,,,,
,,,,
,,,,
,,,,
,,,,
,,,,
,,,,
,,,,
,,,,
,,,,
,,,,
,,,,
,,,,
,,,,
,,,,
,,,,
,,,,
,,,,
,,,,
,,,,
,,,,
,,,,
,,,,
,,,,
,,,,
,,,,
,,,,
,,,,
,,,,
,,,,
,,,,
,,,,
,,,,
,,,,
,,,,
,,,,
,,,,
,,,,
,,,,
,,,,
,,,,
,,,,
,,,,
,,,,
,,,,
,,,,
,,,,
,,,,
,,,,
,,,,
,,,,
,,,,
,,,,
,,,,
,,,,
,,,,
,,,,
,,,,
,,,,
,,,,
,,,,
,,,,
,,,,
,,,,
,,,,
,,,,
,,,,
,,,,
,,,,
,,,,
,,,,
,,,,
,,,,
,,,,
,,,,
,,,,
,,,,
,,,,
,,,,
,,,,
,,,,
,,,,
,,,,
,,,,
,,,,
,,,,
,,,,
,,,,
,,,,
,,,,
,,,,
,,,,
,,,,
,,,,
,,,,
,,,,
,,,,
,,,,
,,,,
,,,,
,,,,
,,,,
,,,,
,,,,
,,,,
,,,,
,,,,
,,,,
,,,,
,,,,
,,,,
,,,,
,,,,
,,,,
,,,,
,,,,
,,,,
,,,,
,,,,
,,,,
,,,,
,,,,
,,,,
,,,,
,,,,
,,,,
,,,,
,,,,
,,,,
,,,,
,,,,
,,,,
,,,,
,,,,
,,,,
,,,,
,,,,
,,,,
,,,,
,,,,
,,,,
,,,,
,,,,
,,,,
,,,,
,,,,
,,,,
,,,,
,,,,
,,,,
,,,,
,,,,
,,,,
,,,,
,,,,
,,,,
,,,,
,,,,
,,,,
,,,,
,,,,
,,,,
,,,,
,,,,
,,,,
,,,,
,,,,
,,,,
,,,,
,,,,
,,,,
,,,,
,,,,
,,,,
,,,,
,,,,
,,,,
,,,,
,,,,
,,,,
,,,,
,,,,
,,,,
,,,,
,,,,
,,,,
,,,,
,,,,
,,,,
,,,,
,,,,
,,,,
,,,,
,,,,
,,,,
,,,,
,,,,
,,,,
,,,,
,,,,
,,,,
,,,,
,,,,
,,,,
,,,,
,,,,
,,,,
,,,,
,,,,
,,,,
,,,,
,,,,
,,,,
,,,,
,,,,
,,,,
,,,,
,,,,
,,,,
,,,,
,,,,
,,,,
,,,,
,,,,
,,,,
,,,,
,,,,
,,,,
,,,,
,,,,
,,,,
,,,,
,,,,
,,,,
,,,,
,,,,
,,,,
,,,,
,,,,
,,,,
,,,,
,,,,
,,,,
,,,,
,,,,
,,,,
,,,,
,,,,
,,,,
,,,,
,,,,
,,,,
,,,,
,,,,
,,,,
,,,,
,,,,
,,,,
,,,,
,,,,
,,,,
,,,,
,,,,
,,,,
,,,,
,,,,
,,,,
,,,,
,,,,
,,,,
,,,,
,,,,
,,,,
,,,,
,,,,
,,,,
,,,,
,,,,
,,,,
,,,,
,,,,
,,,,
,,,,
,,,,
,,,,
,,,,
,,,,
,,,,
,,,,
,,,,
,,,,
,,,,
,,,,
,,,,
,,,,
,,,,
,,,,
,,,,
,,,,
,,,,
,,,,
,,,,
,,,,
,,,,
,,,,
,,,,
,,,,
,,,,
,,,,
,,,,
,,,,
,,,,
,,,,
,,,,
,,,,
,,,,
,,,,
,,,,
,,,,
,,,,
,,,,
,,,,
,,,,
,,,,
,,,,
,,,,
,,,,
,,,,
,,,,
,,,,
,,,,
,,,,
,,,,
,,,,
,,,,
,,,,
,,,,
,,,,
,,,,
,,,,
,,,,
,,,,
,,,,
,,,,
,,,,
,,,,
,,,,
,,,,
,,,,
,,,,
,,,,
,,,,
,,,,
,,,,
,,,,
,,,,
,,,,
,,,,
,,,,
,,,,
,,,,
,,,,
,,,,
,,,,
,,,,
,,,,
,,,,
,,,,
,,,,
,,,,
,,,,
,,,,
,,,,
,,,,
,,,,
,,,,
,,,,
,,,,
,,,,
,,,,
,,,,
,,,,
,,,,
,,,,
,,,,
,,,,
,,,,
,,,,
,,,,
,,,,
,,,,
,,,,
,,,,
,,,,
,,,,
,,,,
,,,,
,,,,
,,,,
,,,,
,,,,
,,,,
,,,,
,,,,
,,,,
,,,,
,,,,
,,,,
,,,,
,,,,
,,,,
,,,,
,,,,
,,,,
,,,,
,,,,
,,,,
,,,,
,,,,
,,,,
,,,,
,,,,
,,,,
,,,,
,,,,
,,,,
,,,,
,,,,
,,,,
,,,,
,,,,
,,,,
,,,,
